Date,Cruise,Station,Lat,Long,Depth,pH,Alk,SiO4_uM,NO3+2_uM,PO4_uM,NH4_uM,Pico_Plankton_cells_per_ml,Bacteria_cells_per_ml,Virus_per_ml,Total_Chl_ug_per_l,Chl_less_than_20um_ug_per_l,Chl_less_than_3um_ug_per_l,Flowcam_Biomass,cyanobacteria_per_ml,picoeukaryotes_per_ml,noeukaryotes_per_ml
9/11/12,1,1,43.54.20 N,69.34.66 W,2,,,,0.00,0.49,0.05,5618,1.87E+06,4.51E+07,9.119,7.929,0.222,2.24E+05,722,3817,1079
9/11/12,1,1,43.54.20 N,69.34.66 W,10,,,,0.00,0.56,0.02,6299,2.33E+06,4.47E+07,,,,,574,4365,1361
9/11/12,1,1,43.54.20 N,69.34.66 W,30,,,,0.86,0.61,0.25,6016,1.74E+06,3.66E+07,,,,,500,3618,1898
9/11/12,1,3,43. 48. 65 N,69. 34. 10 W,2,,,,0.00,0.14,0.18,1076,1.60E+06,3.10E+07,3.615,2.079,0.413,2.31E+05,673,254,149
9/11/12,1,3,43. 48. 65 N,69. 34. 10 W,10,,,,0.00,0.32,0.21,14582,1.82E+06,3.60E+07,,,,,3551,8847,2184
9/11/12,1,3,43. 48. 65 N,69. 34. 10 W,40,,,,9.00,1.16,4.85,20457,2.11E+06,5.11E+07,,,,,6157,12107,2193
9/11/12,1,4,43. 45. 19 N,69. 30. 05 W,2,,,,0.00,0.05,0.08,27413,2.02E+06,4.42E+07,1.809,0.666,0.404,1.75E+05,13087,10067,4260
9/11/12,1,4,43. 45. 19 N,69. 30. 05 W,10,,,,0.00,0.06,0.15,37990,2.14E+06,4.17E+07,,,,,17536,13330,7124
9/11/12,1,4,43. 45. 19 N,69. 30. 05 W,40,,,,7.26,0.82,2.85,2064,9.77E+05,2.15E+07,,,,,1398,534,133
9/18/12,2,1,43.54.20 N,69.34.66 W,2,,,,0.00,0.53,0,4830,1.90E+06,3.88E+07,6.399,5.516,0.126,2.85E+05,1108,2124,1598
9/18/12,2,1,43.54.20 N,69.34.66 W,10,,,,0.00,0.52,0.14,6126,2.00E+06,4.12E+07,,,,,1636,2607,1883
9/18/12,2,1,43.54.20 N,69.34.66 W,30,,,,0.40,0.58,0.09,7033,2.33E+06,4.94E+07,,,,,2735,3020,1278
9/18/12,2,3,43. 48. 65 N,69. 34. 10 W,2,,,,0.00,0.15,0.05,22343,1.81E+06,3.96E+07,3.422,2.514,0.168,3.15E+04,9554,10727,2062
9/18/12,2,3,43. 48. 65 N,69. 34. 10 W,10,,,,,,,4232,,,,,,,1099,1515,1619
9/18/12,2,3,43. 48. 65 N,69. 34. 10 W,40,,,,9.61,1.14,2.79,2104,1.05E+06,1.21E+07,,,,,1316,532,256
9/18/12,2,4,43. 45. 19 N,69. 30. 05 W,2,,,,0.00,0.03,0.09,24922,1.77E+06,8.96E+06,1.565,0.707,0.374,,17874,4524,2524
9/18/12,2,4,43. 45. 19 N,69. 30. 05 W,10,,,,0.08,0.06,0.18,33313,3.49E+05,2.99E+07,,,,,23458,7135,2719
9/18/12,2,4,43. 45. 19 N,69. 30. 05 W,40,,,,7.49,0.76,2.15,2284,9.03E+05,1.25E+07,,,,,1626,580,78
10/9/12,3,1,43.54.17 N,69.34.64 W,2,,,,2.33,0.88,0.22,10273,2.16E+06,4.31E+07,2.947,1.529,0.277,1.33E+05,1535,6820,1919
10/9/12,3,1,43.54.17 N,69.34.64 W,10,,,,2.81,0.86,0.41,6230,2.23E+06,3.45E+07,,,,,1423,3675,1132
10/9/12,3,1,43.54.17 N,69.34.64 W,30,,,,,,,,,,,,,,,,
10/9/12,3,3,43.48.72 N,69.34.93 W,2,,,,0.17,0.51,0.05,3376,2.53E+06,3.69E+07,2.977,2.552,0.089,1.06E+05,850,1462,1064
10/9/12,3,3,43.48.72 N,69.34.93 W,10,,,,0.00,0.43,0.1,,,,,,,,,,
10/9/12,3,4,43.45.13 N,69.30.20 W,2,,,,0.36,0.35,0.19,6324,3.50E+06,3.36E+07,3.463,3.076,0.132,,2315,3083,926
10/9/12,3,4,43.45.13 N,69.30.20 W,10,,,,0.00,0.37,0.15,7571,3.52E+06,4.74E+07,,,,,2684,3398,1490
10/9/12,3,4,43.45.13 N,69.30.20 W,40,,,,8.11,0.88,3.12,779,2.06E+06,1.25E+07,,,,,371,279,129
10/19/12,4,1,43.54.17 N,69.34.64W,2,,,,4.09,0.77,0.55,6444,9.97E+05,3.19E+07,3.443,1.893,0.208,5.67E+04,743,4224,1477
10/19/12,4,1,43.54.17 N,69.34.64W,10,,,,6.22,0.94,1.15,4736,1.20E+06,2.95E+07,,,,,344,3264,1128
10/19/12,4,1,43.54.17 N,69.34.64W,40,,,,2.72,0.96,0.89,4673,1.27E+06,2.15E+07,,,,,375,3173,1125
10/19/12,4,3,43.48.95 N,69.34.42 W,2,,,,6.57,0.79,3.02,20484,1.94E+06,3.12E+07,3.473,1.650,0.470,3.17E+04,4385,12967,3132
10/19/12,4,3,43.48.95 N,69.34.42 W,10,,,,6.23,0.84,3.1,10680,1.15E+06,2.48E+07,,,,,2224,6340,2116
10/19/12,4,3,43.48.95 N,69.34.42 W,40,,,,10.91,1.23,3.95,1091,1.17E+06,2.35E+07,,,,,260,602,228
10/19/12,4,4,43.45.24 N,69.30.07 W,2,,,,4.13,0.64,0.95,32787,1.16E+06,2.83E+07,3.524,1.625,0.688,1.57E+05,8509,20176,4102
10/19/12,4,4,43.45.24 N,69.30.07 W,10,,,,4.96,0.67,2.1,31660,1.18E+06,2.63E+07,,,,,8113,19443,4103
10/19/12,4,4,43.45.24 N,69.30.07 W,40,,,,10.27,0.96,3.25,322,8.55E+05,8.21E+06,,,,,171,74,76
11/13/12,5,1,43.54.20 N,69.34.66 W,2,,,,4.81,0.81,2.4,4479,,,1.833,0.946,0.762,8.62E+04,339,3277,864
11/13/12,5,1,43.54.20 N,69.34.66 W,10,,,,5.11,0.82,2.66,4576,,,,,,,257,3457,861
11/13/12,5,1,43.54.20 N,69.34.66 W,30,,,,6.19,0.85,2.79,4812,,,,,,,367,3547,898
11/13/12,5,3,43. 48. 65 N,69. 34. 10 W,2,,,,7.37,0.85,3.65,7726,,,1.529,0.579,0.234,5.93E+04,430,6078,1218
11/13/12,5,3,43. 48. 65 N,69. 34. 10 W,10,,,,7.57,0.87,3.75,5510,,,,,,,447,4249,813
11/13/12,5,3,43. 48. 65 N,69. 34. 10 W,40,,,,8.22,0.85,3.89,2389,,,,,,,392,1614,382
11/26/12,6,1,43.54.20 N,69.34.66 W,2,,,,5.44,0.79,2.73,8194,,,2.936,1.428,0.274,1.40E+05,369,6408,1417
11/26/12,6,1,43.54.20 N,69.34.66 W,10,,,,7.29,0.81,3.21,7141,,,,,,,391,5591,1159
11/26/12,6,3,43. 48. 65 N,69. 34. 10 W,2,,,,7.73,0.83,1.95,10059,,,1.667,1.020,0.351,3.19E+04,733,8380,946
11/26/12,6,3,43. 48. 65 N,69. 34. 10 W,10,,,,4.34,0.65,2.1,10406,,,,,,,602,8940,865
11/26/12,6,3,43. 48. 65 N,69. 34. 10 W,40,,,,8.54,0.85,3.11,7118,,,,,,,1292,5241,585
9/10/13,1,1,43.54.20 N,69.34.66 W,2,,,6.00,2.35,0.64,0.192,63309,,,3.291,2.280,0.760,,17266,,
9/10/13,1,1,43.54.20 N,69.34.66 W,10,,,8.32,3.48,0.81,0.168,55040,,,2.450,,,,15323,,
9/10/13,1,1,43.54.20 N,69.34.66 W,38.2,,,6.74,5.74,0.81,0.152,47029,,,2.045,,,,13480,,
9/10/13,1,2,43.51.80 N,69.34.52 W,2,,,8.95,4.80,0.86,0.164,44312,,,1.114,1.810,0.450,,13480,,
9/10/13,1,2,43.51.80 N,69.34.52 W,10,,,10.53,2.73,1.19,0.228,26827,,,1.229,,,,8227,,
9/10/13,1,2,43.51.80 N,69.34.52 W,24,,,11.47,2.92,1.19,0.2,13905,,,0.752,,,,4958,,
9/10/13,1,3,43. 48. 65 N,69. 34. 10 W,2,,,8.53,4.99,0.92,0.156,2106,,,1.701,1.800,0.460,,1336,,
9/10/13,1,3,43. 48. 65 N,69. 34. 10 W,44,,,8.63,5.93,1.25,0.136,2016,,,0.215,,,,1358,,
9/17/13,2,1,43.54.20 N,69.34.66 W,2,,,10.74,5.74,0.92,0.18,41856,3.51E+06,3.99E+07,1.549,1.260,0.320,,,,
9/17/13,2,1,43.54.20 N,69.34.66 W,10,,,10.42,5.55,1.08,0.188,39561,4.26E+06,5.83E+07,1.792,,,,,,
9/17/13,2,1,43.54.20 N,69.34.66 W,31.7,,,10.53,4.24,1.03,0.16,41521,1.79E+06,1.99E+07,1.575,,,,,,
9/17/13,2,2,43.51.80 N,69.34.52 W,2,,,10.63,3.11,0.86,0.184,32951,3.47E+06,4.59E+07,1.752,1.290,0.240,,,,
9/17/13,2,2,43.51.80 N,69.34.52 W,10,,,10.42,4.05,0.86,0.188,26362,3.09E+06,3.95E+07,1.458,,,,,,
9/17/13,2,2,43.51.80 N,69.34.52 W,22,,,10.53,8.00,1.69,0.188,24618,2.64E+06,3.26E+07,1.561,,,,,,
9/17/13,2,3,43. 48. 65 N,69. 34. 10 W,2,,,0.74,0.28,0.08,0.088,95884,5.58E+06,6.59E+07,2.926,1.680,0.330,,,,
9/17/13,2,3,43. 48. 65 N,69. 34. 10 W,10,,,4.53,0.47,0.31,0.128,65431,,,5.567,,,,,,
9/17/13,2,3,43. 48. 65 N,69. 34. 10 W,54,,,16.74,13.27,1.64,0.104,1081,2.64E+06,3.29E+07,0.163,,,,,,
9/17/13,2,4,43. 45. 19 N,69. 30. 05 W,2,,,0.63,0.47,0.19,0.036,58121,5.16E+06,3.98E+07,4.313,1.950,0.540,,,,
9/17/13,2,4,43. 45. 19 N,69. 30. 05 W,10,,,0.42,0.47,0.25,0.176,57581,4.97E+06,3.32E+07,5.727,,,,,,
9/17/13,2,4,43. 45. 19 N,69. 30. 05 W,111,,,14.84,5.36,1.19,0.12,528,2.15E+06,2.33E+07,1.944,,,,,,
10/1/13,3,1,43.54.20 N,69.34.66 W,2,,,7.58,3.29,0.97,0.152,36812,2.52E+06,1.24E+07,1.691,0.840,0.290,,,,
10/1/13,3,1,43.54.20 N,69.34.66 W,10,,,8.00,4.42,0.81,0.148,49733,5.42E+06,3.28E+07,1.661,,,,,,
10/1/13,3,1,43.54.20 N,69.34.66 W,37,,,6.63,2.73,0.64,0.132,40030,4.45E+06,2.62E+07,1.507,,,,,,
10/1/13,3,3,43. 48. 65 N,69. 34. 10 W,2,,,,,,,5813,1.21E+06,4.48E+07,1.821,0.580,0.170,,,,
10/1/13,3,3,43. 48. 65 N,69. 34. 10 W,37,,,,,,,1556,1.25E+06,1.49E+07,0.171,,,,,,
10/1/13,3,3,43. 48. 65 N,69. 34. 10 W,10,,,,,,,7014,1.97E+06,4.63E+07,0.956,,,,,,
10/15/13,4,1,43.54.20 N,69.34.66 W,2,,,5.26,3.11,0.75,0.112,2054,,,2.663,1.470,0.580,,,,
10/15/13,4,1,43.54.20 N,69.34.66 W,10,,,5.47,2.92,0.75,0.268,3913,,,2.309,,,,,,
10/15/13,4,1,43.54.20 N,69.34.66 W,38.5,,,5.58,2.92,0.81,0.12,4041,,,1.954,,,,,,
10/15/13,4,2,43.51.80 N,69.34.52 W,2,,,3.26,1.41,0.53,0.256,1655,,,2.177,1.210,0.350,,,,
10/15/13,4,2,43.51.80 N,69.34.52 W,10,,,4.84,3.11,0.92,0.084,788,,,1.934,,,,,,
10/15/13,4,2,43.51.80 N,69.34.52 W,22.7,,,3.05,1.98,0.75,0.192,1755,,,1.792,,,,,,
10/15/13,4,3,43. 48. 65 N,69. 34. 10 W,2,,,2.00,2.73,0.53,0.12,3454,,,10.591,1.640,0.040,,,,
10/15/13,4,3,43. 48. 65 N,69. 34. 10 W,10,,,4.42,3.67,0.64,0.064,1848,,,3.210,,,,,,
10/15/13,4,3,43. 48. 65 N,69. 34. 10 W,39,,,10.32,4.99,1.03,0.164,605,,,1.110,,,,,,
10/15/13,4,4,43. 45. 19 N,69. 30. 05 W,2,,,2.42,1.04,0.19,0.188,1882,,,5.498,1.140,0.310,,,,
10/15/13,4,4,43. 45. 19 N,69. 30. 05 W,10,,,2.11,1.04,0.31,0.184,2247,,,2.248,,,,,,
10/15/13,4,4,43. 45. 19 N,69. 30. 05 W,109,,,22.95,7.06,1.58,0.188,237,1.47E+06,2.15E+07,0.118,,,,,,
10/29/13,5,1,43.54.20 N,69.34.66 W,2,,,13.89,3.11,0.69,0.16,34806,2.71E+06,2.41E+07,3.078,1.570,0.410,,,,
10/29/13,5,1,43.54.20 N,69.34.66 W,10,,,5.05,3.29,0.64,0.14,31299,2.46E+06,2.32E+07,2.744,,,,,,
10/29/13,5,1,43.54.20 N,69.34.66 W,38.5,,,7.26,5.55,0.97,0.084,24194,2.12E+06,1.95E+07,1.175,,,,,,
10/29/13,5,2,43.51.80 N,69.34.52 W,2,,,7.16,5.36,0.75,0.088,34806,2.21E+06,2.21E+07,2.076,,0.270,,,,
10/29/13,5,2,43.51.80 N,69.34.52 W,10,,,8.11,5.93,0.86,0.064,31299,2.35E+06,2.38E+07,1.904,,,,,,
10/29/13,5,2,43.51.80 N,69.34.52 W,19.6,,,6.74,5.55,1.03,0.076,24194,2.22E+06,2.06E+07,1.640,,,,,,
10/29/13,5,3,43. 48. 65 N,69. 34. 10 W,2,,,14.21,8.56,0.92,0.212,8522,1.26E+06,1.31E+07,1.802,0.670,0.220,,,,
10/29/13,5,3,43. 48. 65 N,69. 34. 10 W,10,,,9.37,8.94,0.86,0.212,5509,9.90E+05,1.06E+07,2.157,,,,,,
10/29/13,5,3,43. 48. 65 N,69. 34. 10 W,39,,,8.95,5.93,1.36,0.064,975,1.15E+06,1.11E+07,0.602,,,,,,
10/29/13,5,4,43. 45. 19 N,69. 30. 05 W,2,,,,,,,9276,1.36E+06,1.44E+07,1.762,1.010,0.260,,,,
10/29/13,5,4,43. 45. 19 N,69. 30. 05 W,10,,,,,,,9053,1.26E+06,1.37E+07,1.872,,,,,,
10/29/13,5,4,43. 45. 19 N,69. 30. 05 W,112,,,,,,,486,9.84E+05,8.47E+06,0.269,,,,,,
11/12/13,6,1,43.54.20 N,69.34.66 W,2,,,9.37,8.00,0.97,0.076,12892,2.24E+06,2.10E+07,0.470,0.290,0.080,,,,
11/12/13,6,1,43.54.20 N,69.34.66 W,10,,,8.63,6.49,0.86,0.088,13775,,,0.480,,,,,,
11/12/13,6,1,43.54.20 N,69.34.66 W,38,,,7.89,5.18,1.08,0.108,12081,2.54E+06,2.49E+07,0.445,,,,,,
11/12/13,6,2,43.51.80 N,69.34.52 W,2,,,8.63,7.06,1.03,0.104,11815,2.58E+06,2.33E+07,0.503,0.280,0.530,,,,
11/12/13,6,2,43.51.80 N,69.34.52 W,10,,,8.95,5.55,1.14,0.072,10783,2.79E+06,2.78E+07,0.521,,,,,,
11/12/13,6,2,43.51.80 N,69.34.52 W,19.8,,,9.26,6.87,1.14,0.076,11242,2.11E+06,1.85E+07,0.425,,,,,,
11/12/13,6,3,43. 48. 65 N,69. 34. 10 W,2,,,9.68,10.26,1.03,0.036,4644,1.85E+06,1.59E+07,0.894,0.060,0.060,,,,
11/12/13,6,3,43. 48. 65 N,69. 34. 10 W,10,,,9.89,14.02,1.25,0.06,4442,1.47E+06,1.24E+07,0.877,,,,,,
11/12/13,6,3,43. 48. 65 N,69. 34. 10 W,38,,,13.68,6.87,1.14,0.044,2800,6.53E+05,4.33E+07,0.418,,,,,,
11/12/13,6,4,43. 45. 19 N,69. 30. 05 W,2,,,,,,,7220,2.25E+06,2.39E+07,0.172,0.110,0.070,,,,
11/12/13,6,4,43. 45. 19 N,69. 30. 05 W,10,,,,,,,6854,2.00E+06,1.74E+07,0.191,,,,,,
11/12/13,6,4,43. 45. 19 N,69. 30. 05 W,105,,,,,,,657,2.16E+06,1.82E+07,0.098,,,,,,
9/15/15,1,1,43.54.20 N,69.34.66 W,2,,,0.819,0.917,0.469,0.954,19029,,,7.790,0.937,0.150,3.57E+05,,,
9/15/15,1,1,43.54.20 N,69.34.66 W,10,,,0.704,0.615,0.358,1.033,14949,,,7.133,,,,,,
9/15/15,1,1,43.54.20 N,69.34.66 W,20,,,1.225,0.725,0.483,2.483,14470,,,4.460,,,,,,
9/15/15,1,2,43.51.80 N,69.34.52 W,2,,,1.156,2.124,0.454,0.876,12857,,,6.510,6.510,6.510,2.22E+05,,,
9/15/15,1,2,43.51.80 N,69.34.52 W,10,,,1.109,1.321,0.488,1.155,13594,,,6.510,,,,,,
9/15/15,1,2,43.51.80 N,69.34.52 W,20,,,1.553,1.571,0.498,1.171,11361,,,5.140,,,,,,
9/15/15,1,3,43. 48. 65 N,69. 34. 10 W,2,,,-0.027,0.497,0.212,1.079,6791,,,3.627,1.480,0.050,1.29E+05,,,
9/15/15,1,3,43. 48. 65 N,69. 34. 10 W,10,,,0.165,0.786,0.283,1.05,9510,,,6.160,,,,,,
9/15/15,1,3,43. 48. 65 N,69. 34. 10 W,40,,,10.201,8.712,1.051,1.173,2877,,,0.350,,,,,,
9/15/15,1,4,43. 45. 19 N,69. 30. 05 W,2,,,0.139,1.172,0.179,0.817,15644,,,3.840,1.510,0.000,1.41E+05,,,
9/15/15,1,4,43. 45. 19 N,69. 30. 05 W,10,,,0.15,0.3,0.181,0.596,45064,,,4.227,,,,,,
9/15/15,1,4,43. 45. 19 N,69. 30. 05 W,40,,,3.62,4.714,0.611,1.278,7520,,,0.270,,,,,,
9/22/15,2,1,43.54.20 N,69.34.66 W,2,,,0.954,3.65,0.518,4.693,11472,,,6.131,1.104,0.173,,,,
9/22/15,2,1,43.54.20 N,69.34.66 W,10,,,0.997,3.087,0.537,3.878,8849,,,42.913,,,,,,
9/22/15,2,1,43.54.20 N,69.34.66 W,30,,,1.352,3.807,0.561,4.895,7209,,,55.077,,,,,,
9/22/15,2,2,43.51.80 N,69.34.52 W,2,,,1.272,0.718,0.447,1.621,7509,,,5.435,1.159,0.127,,,,
9/22/15,2,2,43.51.80 N,69.34.52 W,10,,,1.783,5.117,0.552,5.794,6668,,,5.417,,,,,,
9/22/15,2,2,43.51.80 N,69.34.52 W,20,,,2.097,4.267,0.552,4.453,5654,,,4.605,,,,,,
9/22/15,2,3,43. 48. 65 N,69. 34. 10 W,2,,,0.048,1.162,0.165,2.356,10076,,,3.133,2.059,0.212,2.46E+05,,,
9/22/15,2,3,43. 48. 65 N,69. 34. 10 W,10,,,0.202,3.732,0.303,4.865,8416,,,0.212,,,,,,
9/22/15,2,3,43. 48. 65 N,69. 34. 10 W,40,,,9.399,9.658,0.899,3.742,1494,,,4.045,,,,,,
9/22/15,2,4,43. 45. 19 N,69. 30. 05 W,2,,,0.148,3.564,0.217,4.597,11157,,,4.424,1.327,0.000,,,,
9/22/15,2,4,43. 45. 19 N,69. 30. 05 W,10,,,0.511,3.345,0.35,4.332,7950,,,6.709,,,,,,
9/22/15,2,4,43. 45. 19 N,69. 30. 05 W,40,,,7.896,11.862,0.948,4.589,1957,,,0.534,,,,,,
10/13/15,3,1,43.54.20 N,69.34.66 W,2,,,8.856,7.046,0.815,5.666,7014,1.02E+06,9.05E+06,22.663,0.220,2.050,,,,
10/13/15,3,1,43.54.20 N,69.34.66 W,10,,,8.900,6.345,0.833,4.801,6865,1.60E+06,1.29E+07,8.722,,,,,,
10/13/15,3,1,43.54.20 N,69.34.66 W,35,,,9.051,6.442,0.879,2.906,6311,1.44E+06,1.05E+07,8.722,,,,,,
10/13/15,3,2,43.51.80 N,69.34.52 W,2,,,8.620,8.59,0.815,7.462,5813,1.24E+06,8.24E+06,2.176,1.714,0.170,,,,
10/13/15,3,2,43.51.80 N,69.34.52 W,10,,,10.096,9.844,0.963,20.268,3700,1.27E+06,7.75E+06,1.347,,,,,,
10/13/15,3,2,43.51.80 N,69.34.52 W,20,,,10.563,10.845,0.996,5.143,2573,1.09E+06,5.53E+06,1.081,,,,,,
10/13/15,3,3,43. 48. 65 N,69. 34. 10 W,2,,,5.836,6.473,0.642,4.198,6915,9.46E+05,5.63E+06,4.957,3.061,0.258,5.53E+04,,,
10/13/15,3,3,43. 48. 65 N,69. 34. 10 W,10,,,7.492,8.526,0.798,6.365,3350,1.10E+06,6.02E+06,2.790,,,,,,
10/13/15,3,3,43. 48. 65 N,69. 34. 10 W,40,,,11.538,12.777,1.021,4.345,1566,9.40E+05,5.19E+06,0.369,,,,,,
10/13/15,3,4,43. 45. 19 N,69. 30. 05 W,2,,,3.628,4.728,0.504,3.94,7098,7.46E+05,4.56E+06,5.896,3.178,0.000,,,,
10/13/15,3,4,43. 45. 19 N,69. 30. 05 W,10,,,3.330,8.009,0.641,8.22,4748,9.72E+05,4.61E+06,3.007,,,,,,
10/13/15,3,4,43. 45. 19 N,69. 30. 05 W,40,,,8.618,11.994,0.91,4.509,2769,1.28E+06,7.17E+06,0.256,,,,,,
10/20/15,4,1,43.54.20 N,69.34.66 W,2,,,9.748,7.064,0.89,1.352,13918,1.11E+06,8.70E+06,3.341,1.238,0.191,,,,
10/20/15,4,1,43.54.20 N,69.34.66 W,10,,,9.853,8.016,0.882,1.921,11195,1.21E+06,8.35E+06,2.609,,,,,,
10/20/15,4,1,43.54.20 N,69.34.66 W,30,,,9.985,7.074,0.901,1.069,10635,1.83E+06,1.17E+07,2.429,,,,,,
10/20/15,4,2,43.51.80 N,69.34.52 W,2,,,10.204,7.312,0.924,1,8923,1.97E+06,1.23E+07,2.456,1.141,0.167,,,,
10/20/15,4,2,43.51.80 N,69.34.52 W,10,,,10.186,7.464,0.937,1.261,8877,1.03E+06,6.02E+06,2.402,,,,,,
10/20/15,4,2,43.51.80 N,69.34.52 W,20,,,10.964,8.994,0.989,1.269,7469,1.14E+06,5.39E+06,2.284,,,,,,
10/20/15,4,3,43. 48. 65 N,69. 34. 10 W,2,,,8.824,8.074,0.862,0.574,6751,9.96E+05,6.01E+06,3.630,0.950,0.124,6.95E+04,,,
10/20/15,4,3,43. 48. 65 N,69. 34. 10 W,10,,,9.273,8.628,0.907,0.787,5937,9.36E+05,6.02E+06,3.368,,,,,,
10/20/15,4,3,43. 48. 65 N,69. 34. 10 W,40,,,13.749,11.471,1.26,0.88,1835,8.41E+05,4.68E+06,0.807,,,,,,
10/20/15,4,4,43. 45. 19 N,69. 30. 05 W,2,,,8.824,8.074,0.862,0.574,,,,,,,,,,
10/20/15,4,4,43. 45. 19 N,69. 30. 05 W,10,,,9.273,8.628,0.907,0.787,,,,,,,,,,
10/20/15,4,4,43. 45. 19 N,69. 30. 05 W,40,,,13.749,11.471,1.26,0.88,,,,,,,,,,
11/3/15,5,1,43.54.20 N,69.34.66 W,,,,,,,,10957,1.75E+06,1.05E+07,6.131,1.607,0.267,1.06E+05,,,
11/3/15,5,1,43.54.20 N,69.34.66 W,,,,,,,,9700,1.81E+06,8.92E+06,5.634,,,,,,
11/3/15,5,1,43.54.20 N,69.34.66 W,,,,,,,,8221,8.68E+05,2.57E+06,2.853,,,,,,
11/3/15,5,2,43.51.80 N,69.34.52 W,2,,,6.389,5.76,0.768,1.316,8303,2.92E+06,1.71E+07,5.136,0.679,0.148,6.76E+04,,,
11/3/15,5,2,43.51.80 N,69.34.52 W,10,,,6.705,5.761,0.791,1.271,7376,1.84E+06,8.52E+06,3.269,,,,,,
11/3/15,5,2,43.51.80 N,69.34.52 W,20,,,7.430,6.982,0.832,1.824,6765,1.37E+06,6.85E+06,2.609,,,,,,
11/3/15,5,3,43. 48. 65 N,69. 34. 10 W,2,,,6.261,5.432,0.787,1.221,13147,1.53E+06,6.50E+06,1.395,0.773,0.145,6.43E+04,924,,
11/3/15,5,3,43. 48. 65 N,69. 34. 10 W,10,,,6.662,7.097,0.83,1.175,7076,1.43E+06,5.76E+06,2.889,,,,967,,
11/3/15,5,3,43. 48. 65 N,69. 34. 10 W,40,,,11.158,10.673,1.049,1.236,2276,1.09E+06,3.92E+06,0.942,,,,975,,
11/3/15,5,4,43. 45. 19 N,69. 30. 05 W,2,,,5.577,5.479,0.628,1.173,37471,1.48E+06,5.52E+06,2.546,1.224,,3.30E+04,1234,,
11/3/15,5,4,43. 45. 19 N,69. 30. 05 W,10,,,4.091,4.783,0.64,0.842,28689,2.36E+06,1.17E+07,1.803,,,,1238,,
11/3/15,5,4,43. 45. 19 N,69. 30. 05 W,40,,,9.910,10.933,0.985,0.799,1773,1.08E+06,4.72E+06,0.853,,,,1200,,
11/17/15,6,1,43.54.20 N,69.34.66 W,2,,,8.181,6.396,0.909,1.481,13109,1.30E+06,1.37E+07,1.150,0.773,0.214,1.67E+04,4117,,
11/17/15,6,1,43.54.20 N,69.34.66 W,10,,,8.299,6.811,0.923,1.389,12748,7.24E+05,8.31E+06,1.090,,,,1646,,
11/17/15,6,1,43.54.20 N,69.34.66 W,30,,,8.450,6.911,0.89,1.468,12809,1.16E+06,7.88E+06,1.050,,,,788,,
11/17/15,6,2,43.51.80 N,69.34.52 W,2,,,8.754,7.959,0.904,1.642,12316,1.29E+06,1.05E+07,0.766,0.435,0.133,1.48E+04,18832,,
11/17/15,6,2,43.51.80 N,69.34.52 W,10,,,8.777,7.819,0.915,5.835,12777,7.59E+05,3.87E+06,1.010,,,,16373,,
11/17/15,6,2,43.51.80 N,69.34.52 W,20,,,8.884,7.685,0.883,1.311,12823,1.28E+06,4.66E+06,0.748,,,,852,,
11/17/15,6,3,43. 48. 65 N,69. 34. 10 W,2,,,8.821,8.407,0.992,0.683,12098,1.18E+06,2.47E+06,1.571,0.466,0.152,3.58E+04,,,
11/17/15,6,3,43. 48. 65 N,69. 34. 10 W,10,,,8.173,8.306,0.96,0.629,12986,1.46E+06,3.62E+06,2.311,,,,,,
11/17/15,6,3,43. 48. 65 N,69. 34. 10 W,40,,,12.666,11.395,1.153,0.552,3000,,,0.314,,,,,,
11/17/15,6,4,43. 45. 19 N,69. 30. 05 W,2,,,4.473,8.495,0.807,3.246,14038,9.91E+05,2.14E+06,0.887,0.648,3.250,1.00E+04,,,
11/17/15,6,4,43. 45. 19 N,69. 30. 05 W,10,,,4.373,6.645,0.736,1.294,16995,1.32E+06,2.57E+06,0.885,,,,,,
11/17/15,6,4,43. 45. 19 N,69. 30. 05 W,40,,,10.72,10.70,0.99,0.65,1522,,,0.173,,,,,,
9/8/16,1,1,43.54.20 N,69.34.66 W,2,,,1.06,1.18,0.48,1.42,39126,5.56E+06,3.08E+07,8.560,1.995,0.311,1.28E+05,,,
9/8/16,1,1,43.54.20 N,69.34.66 W,10,,,0.61,0.97,0.48,1.34,41078,6.59E+06,3.74E+07,9.415,,,,,,
9/8/16,1,1,43.54.20 N,69.34.66 W,35,,,0.71,2.05,0.49,1.34,39287,2.08E+06,1.47E+07,9.415,,,,,,
9/8/16,1,2,43.51.80 N,69.34.52 W,2,,,1.89,1.23,0.46,1.45,41493,4.77E+06,2.75E+07,6.933,2.998,0.265,1.25E+05,,,
9/8/16,1,2,43.51.80 N,69.34.52 W,10,,,0.84,1.32,0.43,1.24,47047,6.67E+06,3.65E+07,7.846,,,,,,
9/8/16,1,2,43.51.80 N,69.34.52 W,20,,,2.14,1.51,0.51,1.66,44100,4.34E+06,2.40E+07,8.873,,,,,,
9/8/16,1,3,43. 48. 65 N,69. 34. 10 W,2,,,0.03,0.94,0.16,1.02,117000,4.97E+06,2.66E+07,0.819,4.397,0.480,1.57E+05,,,
9/8/16,1,3,43. 48. 65 N,69. 34. 10 W,10,,,0.19,0.84,0.26,0.90,72265,5.48E+06,3.04E+07,7.704,,,,,,
9/8/16,1,3,43. 48. 65 N,69. 34. 10 W,40,,,11.18,9.69,1.05,1.05,5041,3.59E+06,2.71E+07,7.076,,,,,,
9/8/16,1,4,43. 45. 19 N,69. 30. 05 W,2,,,-0.01,1.01,0.07,0.92,148000,2.52E+06,2.56E+07,,3.711,0.395,1.46E+05,,,
9/8/16,1,4,43. 45. 19 N,69. 30. 05 W,10,,,,,,,,2.37E+06,2.28E+07,,,,,,,
9/8/16,1,4,43. 45. 19 N,69. 30. 05 W,40,,,,,,,,2.00E+06,1.95E+07,5.661,,,,,,
9/20/16,2,1,43.54.20 N,69.34.66 W,2,,,6.79,4.35,0.86,2.53,27159,2.15E+06,1.70E+07,2.519,2.400,0.180,3.60E+04,,,
9/20/16,2,1,43.54.20 N,69.34.66 W,10,,,6.74,4.66,0.89,2.58,24965,2.58E+06,2.05E+07,2.494,,,,,,
9/20/16,2,1,43.54.20 N,69.34.66 W,35,,,6.93,4.68,0.86,2.56,25568,2.03E+06,1.55E+07,2.485,,,,,,
9/20/16,2,2,43.51.80 N,69.34.52 W,2,,,6.78,7.42,0.88,6.09,24355,2.04E+06,1.72E+07,2.300,1.760,0.380,4.35E+04,,,
9/20/16,2,2,43.51.80 N,69.34.52 W,10,,,6.73,7.30,0.88,5.87,23013,2.10E+06,1.82E+07,2.411,,,,,,
9/20/16,2,2,43.51.80 N,69.34.52 W,20,,,6.67,4.89,0.94,2.39,21705,1.99E+06,1.96E+07,2.200,,,,,,
9/20/16,2,3,43. 48. 65 N,69. 34. 10 W,2,,,0.18,0.26,0.09,0.28,46940,1.69E+06,1.30E+07,0.885,4.680,1.660,3.02E+05,,,
9/20/16,2,3,43. 48. 65 N,69. 34. 10 W,10,,,1.39,0.45,0.22,0.32,40852,1.64E+06,1.50E+07,9.045,,,,,,
9/20/16,2,3,43. 48. 65 N,69. 34. 10 W,40,,,9.09,8.17,0.93,0.46,5173,1.52E+06,1.53E+07,10.871,8.520,0.390,,,,
9/20/16,2,4,43. 45. 19 N,69. 30. 05 W,2,,,0.07,0.72,0.08,0.32,41919,1.07E+06,4.79E+06,0.480,,,3.93E+05,,,
9/20/16,2,4,43. 45. 19 N,69. 30. 05 W,10,,,0.49,1.61,0.30,1.69,19088,1.58E+06,1.80E+07,9.083,,,,,,
9/20/16,2,4,43. 45. 19 N,69. 30. 05 W,40,,,7.27,9.54,0.86,0.87,2642,1.65E+06,2.02E+07,0.215,,,,,,
10/4/16,3,1,43.54.20 N,69.34.66 W,2,,,3.49,3.72,0.66,4.28,16970,2.52E+06,2.56E+07,1.968,1.019,0.230,7.32E+04,,,
10/4/16,3,1,43.54.20 N,69.34.66 W,10,,,3.04,1.69,0.59,1.70,14821,2.37E+06,2.28E+07,2.411,,,,,,
10/4/16,3,1,43.54.20 N,69.34.66 W,35,,,5.07,2.87,0.77,2.28,13275,2.00E+06,1.95E+07,2.420,,,,,,
10/4/16,3,2,43.51.80 N,69.34.52 W,2,,,5.01,5.02,0.81,5.09,14906,2.15E+06,1.70E+07,1.923,1.007,0.728,6.56E+04,,,
10/4/16,3,2,43.51.80 N,69.34.52 W,10,,,3.84,4.59,0.65,5.25,14330,2.58E+06,2.05E+07,2.004,,,,,,
10/4/16,3,2,43.51.80 N,69.34.52 W,20,,,5.21,6.59,0.83,6.91,13627,2.03E+06,1.55E+07,2.086,,,,,,
10/4/16,3,3,43. 48. 65 N,69. 34. 10 W,2,,,1.36,1.43,0.41,1.58,10452,2.04E+06,1.72E+07,0.967,1.415,0.332,1.16E+05,,,
10/4/16,3,3,43. 48. 65 N,69. 34. 10 W,10,,,1.40,1.43,0.47,0.93,10941,2.10E+06,1.82E+07,2.898,,,,,,
10/4/16,3,3,43. 48. 65 N,69. 34. 10 W,40,,,4.24,3.88,0.69,2.37,5968,1.99E+06,1.96E+07,2.862,,,,,,
10/4/16,3,4,43. 45. 19 N,69. 30. 05 W,2,,,,,,,9072,1.69E+06,1.30E+07,2.483,1.181,0.268,1.53E+05,,,
10/4/16,3,4,43. 45. 19 N,69. 30. 05 W,10,,,2.48,4.13,0.63,3.02,8502,1.64E+06,1.50E+07,2.745,,,,,,
10/4/16,3,4,43. 45. 19 N,69. 30. 05 W,40,,,0.92,4.37,0.55,5.24,5097,1.52E+06,1.53E+07,1.824,,,,,,
10/19/16,4,1,43.54.20 N,69.34.66 W,2,,,4.72,6.59,0.78,5.75,12779,1.83E+06,1.30E+07,1.061,1.007,3.236,1.23E+04,,,
10/19/16,4,1,43.54.20 N,69.34.66 W,10,,,3.42,2.57,0.64,1.89,13495,1.72E+06,1.33E+07,1.355,,,,,,
10/19/16,4,1,43.54.20 N,69.34.66 W,35,,,4.77,7.31,0.87,6.61,11900,1.49E+06,1.13E+07,1.349,,,,,,
10/19/16,4,2,43.51.80 N,69.34.52 W,2,,,4.43,3.28,0.84,2.19,13390,1.79E+06,1.22E+07,1.355,0.919,0.232,1.74E+04,,,
10/19/16,4,2,43.51.80 N,69.34.52 W,10,,,3.07,2.35,0.63,1.79,13473,1.66E+06,1.10E+07,1.416,,,,,,
10/19/16,4,2,43.51.80 N,69.34.52 W,20,,,4.41,3.59,0.82,2.31,14267,,,1.313,,,,,,
10/19/16,4,3,43. 48. 65 N,69. 34. 10 W,2,,,1.99,2.13,0.61,0.51,44957,1.49E+06,1.00E+07,1.152,3.273,0.712,2.89E+04,,,
10/19/16,4,3,43. 48. 65 N,69. 34. 10 W,10,,,1.97,2.33,0.53,0.94,42845,2.16E+06,1.22E+07,3.545,,,,,,
10/19/16,4,3,43. 48. 65 N,69. 34. 10 W,40,,,5.28,5.38,0.76,0.91,15599,2.24E+06,1.24E+07,4.633,,,,,,
10/19/16,4,4,43. 45. 19 N,69. 30. 05 W,2,,,1.15,1.69,0.49,0.70,53995,1.86E+06,9.50E+06,0.766,3.043,0.951,5.47E+04,,,
10/19/16,4,4,43. 45. 19 N,69. 30. 05 W,10,,,0.90,1.62,0.40,1.01,66024,2.75E+06,1.15E+07,3.502,,,,,,
10/19/16,4,4,43. 45. 19 N,69. 30. 05 W,40,,,1.48,3.21,0.47,1.61,21700,2.25E+06,1.07E+07,4.173,,,,,,
11/1/16,5,1,43.54.20 N,69.34.66 W,2,,,7.40,6.44,0.87,1.91,,,,1.228,0.831,0.270,1.19E+04,,,
11/1/16,5,1,43.54.20 N,69.34.66 W,10,,,6.90,6.53,0.85,2.24,,,,1.307,,,,,,
11/1/16,5,1,43.54.20 N,69.34.66 W,35,,,6.66,5.81,0.80,1.55,,,,1.301,,,,,,
11/1/16,5,2,43.51.80 N,69.34.52 W,2,,,7.90,7.90,0.94,1.44,19998,1.69E+06,9.19E+06,1.113,0.930,0.279,1.12E+04,,,
11/1/16,5,2,43.51.80 N,69.34.52 W,10,,,7.97,7.97,0.99,3.26,,1.84E+06,1.07E+07,1.228,,,,,,
11/1/16,5,2,43.51.80 N,69.34.52 W,20,,,7.84,7.84,0.95,2.06,20141,1.74E+06,1.02E+07,1.313,,,,,,
11/1/16,5,3,43. 48. 65 N,69. 34. 10 W,2,,,4.25,5.99,0.73,0.76,18827,1.60E+06,8.56E+06,1.195,1.180,0.350,2.60E+04,,,
11/1/16,5,3,43. 48. 65 N,69. 34. 10 W,10,,,4.79,7.79,0.80,1.94,17909,1.42E+06,7.98E+06,1.518,,,,,,
11/1/16,5,3,43. 48. 65 N,69. 34. 10 W,40,,,6.52,7.89,0.85,1.49,18373,1.59E+06,9.09E+06,1.537,,,,,,
11/1/16,5,4,43. 45. 19 N,69. 30. 05 W,2,,,4.42,7.31,0.76,1.45,18969,1.99E+06,1.07E+07,9.744,0.838,0.293,2.60E+04,,,
11/1/16,5,4,43. 45. 19 N,69. 30. 05 W,10,,,3.89,5.79,0.65,0.75,,1.52E+06,8.01E+06,1.283,,,,,,
11/1/16,5,4,43. 45. 19 N,69. 30. 05 W,40,,,4.16,5.51,0.59,0.8,14586,1.72E+06,9.33E+06,1.367,,,,,,
9/12/17,1,1,43.54.20 N,69.34.66 W,2,,,3.58,2.29,0.73,,76607,3.59E+06,6.23E+06,2.271,1.578,0.272,,,,
9/12/17,1,1,43.54.20 N,69.34.66 W,10,,,7.20,3.45,0.68,,68822,3.92E+06,8.04E+06,2.110,,,,,,
9/12/17,1,1,43.54.20 N,69.34.66 W,30,,,6.90,3.82,0.67,,64534,3.42E+06,6.10E+06,1.208,,,,,,
9/12/17,1,2,43.51.80 N,69.34.52 W,2,,,5.60,2.80,0.64,,59768,3.82E+06,7.87E+06,1.240,1.114,0.253,,,,
9/12/17,1,2,43.51.80 N,69.34.52 W,10,,,5.15,,0.60,,61651,3.89E+06,7.69E+06,0.908,,,,,,
9/12/17,1,2,43.51.80 N,69.34.52 W,20,,,4.21,2.74,0.44,,56161,3.24E+06,6.12E+06,0.976,,,,,,
9/12/17,1,3,43. 48. 65 N,69. 34. 10 W,2,,,0.88,,0.26,,93435,4.92E+06,1.14E+07,1.019,0.581,0.119,,,,
9/12/17,1,3,43. 48. 65 N,69. 34. 10 W,10,,,1.06,1.30,0.19,,96055,5.23E+06,1.24E+07,1.146,,,,,,
9/12/17,1,3,43. 48. 65 N,69. 34. 10 W,40,,,2.77,2.72,0.40,,5395,1.39E+06,4.12E+06,0.127,,,,,,
9/12/17,1,4,43. 45. 19 N,69. 30. 05 W,2,,,0.45,0.14,0.28,,75676,3.77E+06,9.31E+06,0.396,0.205,0.116,,,,
9/12/17,1,4,43. 45. 19 N,69. 30. 05 W,10,,,0.74,,0.19,,76932,4.55E+06,1.01E+07,0.657,,,,,,
9/12/17,1,4,43. 45. 19 N,69. 30. 05 W,40,,,9.19,,0.97,,2550,1.46E+06,2.69E+06,0.135,,,,,,
9/21/17,2,1,43.54.20 N,69.34.66 W,2,,,1.90,0.89,0.33,,,3.86E+06,1.08E+07,2.737,2.214,0.406,,,,
9/21/17,2,1,43.54.20 N,69.34.66 W,10,,,3.66,1.66,0.43,,46741,4.63E+06,1.39E+07,2.718,,,,,,
9/21/17,2,1,43.54.20 N,69.34.66 W,30,,,4.61,3.49,0.56,,46519,3.98E+06,1.10E+07,2.537,,,,,,
9/21/17,2,2,43.51.80 N,69.34.52 W,2,,,4.52,2.77,0.28,,45071,4.37E+06,1.28E+07,2.956,2.005,0.235,,,,
9/21/17,2,2,43.51.80 N,69.34.52 W,10,,,,,,,45684,4.90E+06,1.29E+07,2.785,,,,,,
9/21/17,2,2,43.51.80 N,69.34.52 W,20,,,3.80,4.39,0.25,,44043,5.02E+06,1.64E+07,1.891,,,,,,
10/5/17,3,1,43.54.20 N,69.34.66 W,2,,,2.03,,0.67,,27617,3.57E+06,1.02E+07,5.331,2.737,0.355,,,,
10/5/17,3,1,43.54.20 N,69.34.66 W,10,,,2.71,3.37,0.39,,22946,3.67E+06,1.26E+07,5.360,,,,,,
10/5/17,3,1,43.54.20 N,69.34.66 W,30,,,2.96,,0.73,,23499,3.37E+06,1.17E+07,5.255,,,,,,
10/5/17,3,2,43.51.80 N,69.34.52 W,2,,,4.14,3.89,1.00,,21110,2.86E+06,8.62E+06,3.231,1.870,0.286,,,,
10/5/17,3,2,43.51.80 N,69.34.52 W,10,,,6.85,7.04,0.62,,14223,2.17E+06,8.48E+06,3.431,,,,,,
10/5/17,3,2,43.51.80 N,69.34.52 W,20,,,8.57,7.95,0.48,,11375,1.99E+06,6.30E+06,2.661,,,,,,
10/5/17,3,3,43. 48. 65 N,69. 34. 10 W,2,,,0.86,0.66,0.20,,19025,,,11.537,2.148,0.221,,,,
10/5/17,3,3,43. 48. 65 N,69. 34. 10 W,10,,,6.00,5.35,0.74,,9975,1.97E+06,7.78E+06,3.127,,,,,,
10/5/17,3,3,43. 48. 65 N,69. 34. 10 W,40,,,9.22,7.95,0.23,,3715,1.28E+06,4.05E+06,0.778,,,,,,
10/5/17,3,4,43. 45. 19 N,69. 30. 05 W,2,,,1.58,0.32,0.21,,39440,1.25E+06,1.09E+07,4.172,3.326,0.233,,,,
10/5/17,3,4,43. 45. 19 N,69. 30. 05 W,10,,,0.41,1.19,0.22,,34070,1.51E+06,1.27E+07,6.890,,,,,,
10/5/17,3,4,43. 45. 19 N,69. 30. 05 W,40,,,6.93,10.98,0.62,,7365,4.38E+06,1.71E+07,0.373,,,,,,
10/19/17,4,1,43.54.20 N,69.34.66 W,2,,,,,,,,,,3.516,0.649,0.236,,,,
10/19/17,4,1,43.54.20 N,69.34.66 W,,,,,,,,,,,,,,,,,
10/19/17,4,1,43.54.20 N,69.34.66 W,,,,,,,,,,,,,,,,,
10/19/17,4,2,43.51.80 N,69.34.52 W,,,,,,,,,,,,,,,,,
10/19/17,4,2,43.51.80 N,69.34.52 W,,,,,,,,,,,,,,,,,
10/19/17,4,2,43.51.80 N,69.34.52 W,,,,,,,,,,,,,,,,,
10/19/17,4,3,43. 48. 65 N,69. 34. 10 W,,,,3.79,2.99,0.54,,,,,,,,5.17E+04,,,
10/19/17,4,3,43. 48. 65 N,69. 34. 10 W,,,,,,,,,,,,,,,,,
10/19/17,4,3,43. 48. 65 N,69. 34. 10 W,,,,,,,,,,,,,,,,,
10/19/17,4,4,43. 45. 19 N,69. 30. 05 W,,,,0.83,3.10,0.36,,,,,,,,,,,
10/19/17,4,4,43. 45. 19 N,69. 30. 05 W,,,,,,,,,,,,,,6.41E+04,,,
10/19/17,4,4,43. 45. 19 N,69. 30. 05 W,,,,,,,,,,,,,,,,,
11/9/17,5,1,43.54.20 N,69.34.66 W,2,,,7.49,4.81,0.58,,12890,1.64E+06,6.36E+06,1.179,1.163,0.242,8.20E+03,,,
11/9/17,5,1,43.54.20 N,69.34.66 W,10,,,7.62,5.57,0.83,,13424,1.13E+06,4.61E+06,1.387,,,,,,
11/9/17,5,1,43.54.20 N,69.34.66 W,30,,,7.16,4.81,0.82,,13204,1.46E+06,5.74E+06,1.369,,,,,,
11/9/17,5,2,43.51.80 N,69.34.52 W,2,,,5.86,4.95,0.53,,9427,1.28E+06,5.05E+06,0.988,0.933,0.272,1.12E+04,,,
11/9/17,5,2,43.51.80 N,69.34.52 W,10,,,5.83,5.01,0.68,,8927,4.90E+06,1.29E+07,1.380,,,,,,
11/9/17,5,2,43.51.80 N,69.34.52 W,19,,,6.65,6.58,0.76,,9165,1.56E+06,6.15E+06,0.936,,,,,,
11/9/17,5,3,43. 48. 65 N,69. 34. 10 W,2,,,5.31,4.86,0.72,,9878,1.03E+06,4.66E+06,1.503,1.630,0.328,3.42E+03,,,
11/9/17,5,3,43. 48. 65 N,69. 34. 10 W,10,,,4.83,4.47,0.60,,12143,1.21E+06,5.22E+06,1.537,,,,,,
11/9/17,5,3,43. 48. 65 N,69. 34. 10 W,40,,,4.74,4.68,0.72,,10280,1.39E+06,4.12E+06,1.181,,,,,,
11/9/17,5,4,43. 45. 19 N,69. 30. 05 W,2,,,4.17,4.63,0.68,,7185,1.01E+06,4.35E+06,1.375,0.592,0.399,6.00E+03,,,
11/9/17,5,4,43. 45. 19 N,69. 30. 05 W,10,,,5.68,5.56,0.80,,5011,1.03E+06,4.04E+06,1.143,,,,,,
11/9/17,5,4,43. 45. 19 N,69. 30. 05 W,40,,,6.89,6.61,0.87,,1801,2.74E+06,1.10E+07,0.393,,,,,,
11/29/17,6,1,43.54.20 N,69.34.66 W,2,,,,,,,11221,1.55E+06,5.95E+06,1.545,0.637,0.346,1.12E+04,,,
11/29/17,6,1,43.54.20 N,69.34.66 W,10,,,,,,,11422,1.63E+06,6.36E+06,1.366,,,,,,
11/29/17,6,1,43.54.20 N,69.34.66 W,30,,,,,,,10489,1.45E+06,5.72E+06,1.148,,,,,,
11/29/17,6,2,43.51.80 N,69.34.52 W,,,,,,,,9557,,,1.249,0.728,0.161,9.87E+03,,,
11/29/17,6,2,43.51.80 N,69.34.52 W,,,,,,,,8943,,,1.300,,,,,,
11/29/17,6,2,43.51.80 N,69.34.52 W,,,,,,,,9060,,,1.185,,,,,,
11/29/17,6,3,43. 48. 65 N,69. 34. 10 W,2,,,,,,,4590,1.07E+06,3.22E+06,0.714,0.373,0.151,6.78E+03,,,
11/29/17,6,3,43. 48. 65 N,69. 34. 10 W,10,,,,,,,5118,1.19E+06,3.45E+06,0.738,,,,,,
11/29/17,6,3,43. 48. 65 N,69. 34. 10 W,40,,,,,,,4863,1.55E+06,4.43E+06,0.744,,,,,,
11/29/17,6,4,43. 45. 19 N,69. 30. 05 W,2,,,,,,,10179,1.50E+06,3.83E+06,2.166,1.021,0.252,1.25E+04,,,
11/29/17,6,4,43. 45. 19 N,69. 30. 05 W,10,,,,,,,9401,1.59E+06,3.87E+06,1.891,,,,,,
11/29/17,6,4,43. 45. 19 N,69. 30. 05 W,40,,,,,,,764,1.05E+06,2.78E+06,0.289,,,,,,
9/6/18,1,1,43.54.20 N,69.34.66 W,2,,,1.53,0.13,0.46,0.34,3602,1.01E+06,1.10E+08,6.558,3.659,0.128,,,,
9/6/18,1,1,43.54.20 N,69.34.66 W,10,,,1.55,0.09,0.45,0.00,3456,8.69E+05,7.38E+07,6.319,,,,,,
9/6/18,1,1,43.54.20 N,69.34.66 W,37,,,1.81,0.63,0.46,10.43,3432,1.20E+06,7.84E+07,5.738,,,,,,
9/6/18,1,2,43.51.80 N,69.34.52 W,2,,,1.96,0.24,0.26,0.24,4423,8.38E+05,6.19E+07,4.712,2.823,0.217,,,,
9/6/18,1,2,43.51.80 N,69.34.52 W,10,,,3.30,1.17,0.52,0.10,4198,8.42E+05,6.23E+07,4.072,,,,,,
9/6/18,1,2,43.51.80 N,69.34.52 W,20,,,4.95,2.55,0.65,0.25,4906,7.94E+05,6.20E+07,2.693,,,,,,
9/6/18,1,3,43. 48. 65 N,69. 34. 10 W,2,,,0.66,0.08,0.16,0.18,2422,7.90E+05,1.01E+08,3.035,1.493,0.228,,,,
9/6/18,1,3,43. 48. 65 N,69. 34. 10 W,10,,,0.00,0.44,0.02,0.34,1460,5.17E+05,1.25E+08,3.789,,,,,,
9/6/18,1,3,43. 48. 65 N,69. 34. 10 W,40,,,9.11,6.29,0.88,0.35,5222,9.21E+05,7.45E+07,0.530,,,,,,
9/6/18,1,4,43. 45. 19 N,69. 30. 05 W,2,,,0.01,0.11,0.10,0.60,,6.90E+05,4.12E+07,1.410,1.333,0.128,,,,
9/6/18,1,4,43. 45. 19 N,69. 30. 05 W,10,,,0.03,0.44,0.07,1.04,,5.48E+05,7.23E+07,2.302,,,,,,
9/6/18,1,4,43. 45. 19 N,69. 30. 05 W,40,,,4.74,4.66,0.49,0.10,5055,4.76E+05,1.26E+08,1.072,,,,,,
9/19/18,2,1,43.54.20 N,69.34.66 W,2,,,,,,,1815,1.14E+06,5.95E+07,3.502,,,,,,
9/19/18,2,1,43.54.20 N,69.34.66 W,10,,,,,,,2705,1.09E+06,7.58E+07,3.024,,,,,,
9/19/18,2,1,43.54.20 N,69.34.66 W,34,,,,,,,2623,9.11E+05,7.11E+07,2.394,,,,,,
9/19/18,2,2,43.51.80 N,69.34.52 W,2,,,,,,,2125,9.00E+05,4.66E+07,3.312,,,,,,
9/19/18,2,2,43.51.80 N,69.34.52 W,10,,,,,,,1857,1.13E+06,4.86E+07,2.660,,,,,,
9/19/18,2,2,43.51.80 N,69.34.52 W,18,,,,,,,2881,9.42E+05,5.34E+07,1.526,,,,,,
9/19/18,2,3,43. 48. 65 N,69. 34. 10 W,2,,,,,,,838,7.17E+05,3.92E+07,4.821,,,,,,
9/19/18,2,3,43. 48. 65 N,69. 34. 10 W,10,,,,,,,3968,8.08E+05,4.47E+07,4.381,,,,,,
9/19/18,2,3,43. 48. 65 N,69. 34. 10 W,40,,,,,,,5141,7.45E+05,8.52E+07,0.726,,,,,,
9/19/18,2,4,43. 45. 19 N,69. 30. 05 W,2,,,,,,,7249,7.07E+05,3.66E+07,12.752,,,,,,
9/19/18,2,4,43. 45. 19 N,69. 30. 05 W,10,,,,,,,3599,7.80E+05,3.60E+07,1.510,,,,,,
9/19/18,2,4,43. 45. 19 N,69. 30. 05 W,40,,,,,,,1967,8.69E+05,3.77E+07,1.039,,,,,,
9/27/18,3,1,43.54.20 N,69.34.66 W,2,,,,,,,5688,1.40E+06,3.92E+07,0.166,,,,,,
9/27/18,3,1,43.54.20 N,69.34.66 W,10,,,,,,,7738,4.32E+06,4.86E+07,0.173,,,,,,
9/27/18,3,1,43.54.20 N,69.34.66 W,35,,,,,,,8514,1.42E+06,1.25E+07,0.225,,,,,,
9/27/18,3,2,43.51.80 N,69.34.52 W,2,,,2.46,1.12,0.41,2.71,4391,1.16E+06,9.62E+06,0.456,,,,,,
9/27/18,3,2,43.51.80 N,69.34.52 W,10,,,3.96,1.99,0.68,2.01,6576,9.62E+05,1.14E+07,0.368,,,,,,
9/27/18,3,2,43.51.80 N,69.34.52 W,18,,,,,,,6511,9.36E+05,1.28E+07,0.408,,,,,,
9/27/18,3,3,43. 48. 65 N,69. 34. 10 W,2,,,1.74,0.89,0.33,0.44,1060,7.01E+05,6.28E+06,0.815,,,,,,
9/27/18,3,3,43. 48. 65 N,69. 34. 10 W,10,,,1.01,0.48,0.20,0.60,7069,1.11E+06,1.12E+07,1.274,,,,,,
9/27/18,3,3,43. 48. 65 N,69. 34. 10 W,40,,,10.16,6.40,0.78,1.22,5489,1.28E+06,1.24E+07,0.232,,,,,,
9/27/18,3,4,43. 45. 19 N,69. 30. 05 W,2,,,,,,,5714,1.54E+06,1.22E+07,1.045,,,,,,
9/27/18,3,4,43. 45. 19 N,69. 30. 05 W,10,,,,,,,,,,,,,,,,
9/27/18,3,4,43. 45. 19 N,69. 30. 05 W,40,,,,,,,,,,,,,,,,
10/18/18,4,1,43.54.20 N,69.34.66 W,2,,,4.30,2.21,0.56,3.12,16992,1.77E+06,9.17E+07,1.650,,,,,,
10/18/18,4,1,43.54.20 N,69.34.66 W,10,,,,,,,20836,2.07E+06,9.02E+07,1.471,,,,,,
10/18/18,4,1,43.54.20 N,69.34.66 W,34,,,8.10,4.75,0.93,3.60,20199,2.06E+06,8.07E+07,1.126,,,,,,
10/18/18,4,2,43.51.80 N,69.34.52 W,2,,,,,,,9635,1.72E+06,5.16E+07,1.374,,,,,,
10/18/18,4,2,43.51.80 N,69.34.52 W,10,,,,,,,11200,1.29E+06,4.94E+07,1.231,,,,,,
10/18/18,4,2,43.51.80 N,69.34.52 W,21,,,5.01,3.40,0.55,2.22,13096,1.50E+06,5.08E+07,0.650,,,,,,
10/18/18,4,3,43. 48. 65 N,69. 34. 10 W,2,,,,,,,,,,,,,,,,
10/18/18,4,3,43. 48. 65 N,69. 34. 10 W,10,,,,,,,,,,,,,,,,
10/18/18,4,3,43. 48. 65 N,69. 34. 10 W,40,,,,,,,,,,,,,,,,
10/18/18,4,4,43. 45. 19 N,69. 30. 05 W,2,,,,,,,,,,,,,,,,
10/18/18,4,4,43. 45. 19 N,69. 30. 05 W,10,,,,,,,,,,,,,,,,
10/18/18,4,4,43. 45. 19 N,69. 30. 05 W,40,,,,,,,,,,,,,,,,
10/30/18,5,1,43.54.20 N,69.34.66 W,2,,,,,,,17552,2.19E+06,7.27E+07,2.294,,,,,,
10/30/18,5,1,43.54.20 N,69.34.66 W,10,,,,,,,18505,1.72E+06,6.59E+07,2.221,,,,,,
10/30/18,5,1,43.54.20 N,69.34.66 W,35,,,,,,,17442,2.00E+06,6.22E+07,2.306,,,,,,
10/30/18,5,2,43.51.80 N,69.34.52 W,2,,,,,,,15099,1.54E+06,7.77E+07,2.343,,,,,,
10/30/18,5,2,43.51.80 N,69.34.52 W,10,,,,,,,16100,2.01E+06,6.53E+07,3.742,,,,,,
10/30/18,5,2,43.51.80 N,69.34.52 W,16,,,,,,,17193,1.56E+06,6.18E+07,3.026,,,,,,
10/30/18,5,3,43. 48. 65 N,69. 34. 10 W,2,,,,,,,11316,1.01E+06,4.63E+07,2.560,,,,,,
10/30/18,5,3,43. 48. 65 N,69. 34. 10 W,10,,,,,,,13193,1.38E+06,5.15E+07,1.900,,,,,,
10/30/18,5,3,43. 48. 65 N,69. 34. 10 W,40,,,,,,,14039,2.97E+05,3.94E+07,1.572,,,,,,
10/30/18,5,4,43. 45. 19 N,69. 30. 05 W,2,,,,,,,11746,9.45E+05,4.96E+07,1.578,,,,,,
10/30/18,5,4,43. 45. 19 N,69. 30. 05 W,10,,,,,,,12327,9.35E+05,4.59E+07,1.681,,,,,,
10/30/18,5,4,43. 45. 19 N,69. 30. 05 W,40,,,,,,,12924,1.36E+06,5.55E+07,1.871,,,,,,
11/15/18,6,1,43.54.20 N,69.34.66 W,2,,,12.78,6.23,1.04,2.20,5674,1.16E+06,1.16E+07,1.444,,,,,,
11/15/18,6,1,43.54.20 N,69.34.66 W,10,,,11.35,6.46,0.98,2.47,,1.01E+06,1.03E+07,1.401,,,,,,
11/15/18,6,1,43.54.20 N,69.34.66 W,35,,,10.42,7.65,0.89,2.07,8256,1.31E+06,1.46E+07,0.983,,,,,,
11/15/18,6,2,43.51.80 N,69.34.52 W,2,,,10.54,7.38,0.89,2.38,5938,1.11E+06,1.11E+07,1.018,,,,,,
11/15/18,6,2,43.51.80 N,69.34.52 W,10,,,10.10,7.84,0.90,3.62,5359,7.25E+05,7.98E+06,1.071,,,,,,
11/15/18,6,2,43.51.80 N,69.34.52 W,19,,,10.51,7.56,0.90,1.44,6158,1.67E+06,1.53E+07,1.053,,,,,,
11/15/18,6,3,43. 48. 65 N,69. 34. 10 W,2,,,8.44,7.12,0.79,0.82,2083,9.75E+05,7.83E+06,0.960,,,,,,
11/15/18,6,3,43. 48. 65 N,69. 34. 10 W,10,,,7.25,6.27,0.59,0.50,3598,9.79E+05,8.51E+06,1.656,,,,,,
11/15/18,6,3,43. 48. 65 N,69. 34. 10 W,40,,,10.52,9.85,0.97,0.47,3891,1.02E+06,7.80E+06,0.390,,,,,,
11/15/18,6,4,43. 45. 19 N,69. 30. 05 W,2,,,6.53,6.43,0.72,0.57,1913,8.43E+05,6.73E+06,1.134,,,,,,
11/15/18,6,4,43. 45. 19 N,69. 30. 05 W,10,,,6.29,6.45,0.72,1.39,7898,1.27E+06,1.20E+07,0.837,,,,,,
11/15/18,6,4,43. 45. 19 N,69. 30. 05 W,40,,,4.09,3.70,0.52,0.36,8953,1.09E+06,1.00E+07,0.269,,,,,,
5/31/19,REU,1,43.54.20 N,69.34.66 W,2,,,,,,,16123,2.15E+06,9.88E+06,,,,,593,,
5/31/19,REU,1,43.54.20 N,69.34.66 W,10,,,,,,,13430,2.01E+06,1.05E+07,,,,,630,,
5/31/19,REU,1,43.54.20 N,69.34.66 W,?,,,,,,,11345,1.82E+06,8.48E+06,,,,,557,,
5/31/19,REU,2,43.51.80 N,69.34.52 W,2,,,,,,,11088,1.54E+06,1.00E+07,,,,,593,,
5/31/19,REU,2,43.51.80 N,69.34.52 W,10,,,,,,,9487,1.83E+06,1.13E+07,,,,,504,,
5/31/19,REU,2,43.51.80 N,69.34.52 W,?,,,,,,,7765,1.90E+06,1.03E+07,,,,,551,,
5/31/19,REU,3,43. 48. 65 N,69. 34. 10 W,2,,,,,,,4610,2.46E+06,1.52E+07,,,,,488,,
5/31/19,REU,3,43. 48. 65 N,69. 34. 10 W,10,,,,,,,3155,9.86E+05,6.58E+06,,,,,677,,
5/31/19,REU,3,43. 48. 65 N,69. 34. 10 W,?,,,,,,,2903,3.21E+05,2.83E+06,,,,,520,,
5/31/19,REU,4,43. 45. 19 N,69. 30. 05 W,2,,,,,,,2930,1.25E+06,1.01E+07,,,,,410,,
5/31/19,REU,4,43. 45. 19 N,69. 30. 05 W,10,,,,,,,2216,4.39E+05,5.60E+06,,,,,425,,
5/31/19,REU,4,43. 45. 19 N,69. 30. 05 W,40,,,,,,,2174,6.06E+03,1.20E+05,,,,,331,,
6/17/19,REU,1,43.54.20 N,69.34.66 W,2,,,3.24,1.71,0.38,,24848,2.10E+06,1.11E+07,,,,,872,,
6/17/19,REU,1,43.54.20 N,69.34.66 W,10,,,3.24,1.47,0.39,,25515,1.83E+06,9.14E+06,,,,,877,,
6/17/19,REU,1,43.54.20 N,69.34.66 W,30,,,3.25,2.07,0.37,,24775,1.71E+06,8.54E+06,,,,,861,,
6/17/19,REU,4,43. 45. 19 N,69. 30. 05 W,2,,,0.44,0.02,0.13,,3911,8.77E+05,8.02E+06,,,,,488,,
6/17/19,REU,4,43. 45. 19 N,69. 30. 05 W,10,,,4.95,6.01,0.46,,2483,5.03E+05,3.63E+06,,,,,520,,
6/17/19,REU,4,43. 45. 19 N,69. 30. 05 W,40,,,,,,,1607,8.19E+05,4.77E+06,,,,,163,,
9/5/19,1,1,43.54.20 N,69.34.66 W,2,,,3.87,0.39,0.36,,32839,2.91E+06,2.31E+07,11.552,9.766,0.489,,11340,,
9/5/19,1,1,43.54.20 N,69.34.66 W,10,,,3.85,0.49,0.45,,34934,2.61E+06,2.07E+07,10.678,,,,13577,,
9/5/19,1,1,43.54.20 N,69.34.66 W,26,,,4.15,0.57,0.45,,34682,3.16E+06,2.39E+07,10.733,,,,14049,,
9/5/19,1,2,43.51.80 N,69.34.52 W,2,,,3.65,0.64,0.28,,34708,5.00E+06,2.69E+07,9.441,8.615,0.453,,,,
9/5/19,1,2,43.51.80 N,69.34.52 W,10,,,4.16,1.11,0.52,,38210,6.08E+06,3.99E+07,9.033,,,,,,
9/5/19,1,2,43.51.80 N,69.34.52 W,18,,,4.78,1.96,0.58,,39233,5.32E+06,3.14E+07,6.628,,,,22307,,
9/5/19,1,3,43. 48. 65 N,69. 34. 10 W,2,,,1.05,0.15,0.25,,96695,5.18E+06,2.66E+07,4.131,2.877,0.375,,,,
9/5/19,1,3,43. 48. 65 N,69. 34. 10 W,10,,,3.5,0.73,0.32,,47282,4.63E+06,2.81E+07,8.192,,,,,,
9/5/19,1,3,43. 48. 65 N,69. 34. 10 W,40,,,9.41,8.18,0.91,,7334,5.68E+05,6.41E+06,0.254,,,,,,
9/5/19,1,4,43. 45. 19 N,69. 30. 05 W,2,,,0.28,0.2,0.1,,113757,2.19E+06,2.68E+07,2.758,2.497,0.390,,,,
9/5/19,1,4,43. 45. 19 N,69. 30. 05 W,10,,,0.3,0.2,0.11,,116335,2.79E+06,2.42E+07,3.952,,,,,,
9/5/19,1,4,43. 45. 19 N,69. 30. 05 W,40,,,8.65,7.57,0.9,,6983,1.36E+06,8.00E+06,0.178,,,,,,
9/10/19,2,1,43.54.20 N,69.34.66 W,2,,,3.64,0.86,0.49,,42546,5.03E+06,3.70E+07,8.746,5.896,0.472,,,,
9/10/19,2,1,43.54.20 N,69.34.66 W,10,,,3.89,1.12,0.52,,42688,4.96E+06,2.55E+07,9.012,,,,,,
9/10/19,2,1,43.54.20 N,69.34.66 W,35,,,3.58,5.22,0.54,,44305,4.84E+06,3.33E+07,7.443,,,,,,
9/10/19,2,2,43.51.80 N,69.34.52 W,2,,,4.17,1.32,0.51,,42420,4.57E+06,2.47E+07,8.414,6.770,0.439,,,,
9/10/19,2,2,43.51.80 N,69.34.52 W,10,,,6.12,5.21,0.75,,32576,3.80E+06,2.82E+07,4.430,,,,,,
9/10/19,2,2,43.51.80 N,69.34.52 W,17,,,7.27,5.80,0.80,,26366,3.14E+06,1.65E+07,2.356,,,,,,
9/10/19,2,3,43. 48. 65 N,69. 34. 10 W,2,,,1.67,0.44,0.28,,89964,5.38E+06,3.27E+07,7.171,4.576,0.413,,,,
9/10/19,2,3,43. 48. 65 N,69. 34. 10 W,10,,,3.19,0.88,0.43,,61971,3.60E+06,1.71E+07,7.953,,,,,,
9/10/19,2,3,43. 48. 65 N,69. 34. 10 W,40,,,10.54,11.05,0.97,,6631,7.58E+05,5.70E+06,0.280,,,,,,
9/10/19,2,4,43. 45. 19 N,69. 30. 05 W,2,,,1.30,1.65,0.13,,97430,2.62E+06,1.79E+07,4.267,2.296,0.334,,,,
9/10/19,2,4,43. 45. 19 N,69. 30. 05 W,10,,,1.11,3.89,0.16,,47119,4.44E+06,1.47E+07,8.789,,,,,,
9/10/19,2,4,43. 45. 19 N,69. 30. 05 W,40,,,7.04,9.07,0.81,,6767,1.16E+06,7.11E+06,0.188,,,,,,
9/26/19,3,1,43.54.20 N,69.34.66 W,2,,,3.03,1.12,0.39,,42551,4.80E+06,2.19E+07,5.738,4.750,0.680,,,,
9/26/19,3,1,43.54.20 N,69.34.66 W,10,,,4.09,2.32,0.49,,36729,4.69E+06,2.89E+07,5.288,,,,,,
9/26/19,3,1,43.54.20 N,69.34.66 W,30,,,5.67,1.90,0.68,,36488,5.42E+06,2.33E+07,5.011,,,,,,
9/26/19,3,2,43.51.80 N,69.34.52 W,2,,,4.97,2.42,0.54,,28859,2.60E+06,1.75E+07,5.651,3.941,1.246,,,,
9/26/19,3,2,43.51.80 N,69.34.52 W,10,,,6.57,2.98,0.68,,26187,3.64E+06,2.09E+07,4.967,,,,,,
9/26/19,3,2,43.51.80 N,69.34.52 W,16,,,6.57,2.94,0.67,,27263,,,5.244,,,,,,
9/26/19,3,3,43. 48. 65 N,69. 34. 10 W,2,,,2.79,0.15,0.34,,37779,6.11E+06,2.84E+07,6.780,5.190,0.373,,,,
9/26/19,3,3,43. 48. 65 N,69. 34. 10 W,10,,,5.68,2.55,0.70,,24208,2.90E+06,1.45E+07,2.622,,,,,,
9/26/19,3,3,43. 48. 65 N,69. 34. 10 W,40,,,11.87,9.76,1.10,,2741,1.22E+06,8.16E+06,0.207,,,,,,
9/26/19,3,4,43. 45. 19 N,69. 30. 05 W,2,,,0.31,0.06,0.17,,61042,4.78E+06,2.37E+07,3.594,2.535,0.284,,,,
9/26/19,3,4,43. 45. 19 N,69. 30. 05 W,10,,,2.37,0.66,0.48,,27778,1.80E+06,1.00E+07,2.980,,,,,,
9/26/19,3,4,43. 45. 19 N,69. 30. 05 W,40,,,7.68,8.10,0.88,,2625,9.01E+05,5.31E+06,0.362,,,,,,
10/8/19,4,1,43.54.20 N,69.34.66 W,2,,,6.84,3.48,0.90,,18816,1.85E+06,1.73E+07,2.899,2.182,0.221,,,,
10/8/19,4,1,43.54.20 N,69.34.66 W,10,,,6.47,3.35,0.62,,18370,1.73E+06,1.32E+07,2.671,,,,,,
10/8/19,4,1,43.54.20 N,69.34.66 W,32,,,6.86,3.60,0.70,,,1.97E+06,1.57E+07,2.476,,,,,,
10/8/19,4,2,43.51.80 N,69.34.52 W,2,,,3.85,3.65,0.53,,15682,1.75E+06,1.15E+07,3.567,2.182,1.480,,,,
10/8/19,4,2,43.51.80 N,69.34.52 W,10,,,6.64,4.15,0.87,,12248,1.33E+06,1.58E+07,2.079,,,,,,
10/8/19,4,2,43.51.80 N,69.34.52 W,15,,,7.63,5.09,0.71,,11020,1.38E+06,9.44E+06,2.562,,,,,,
10/8/19,4,3,43. 48. 65 N,69. 34. 10 W,2,,,3.12,1.90,0.45,,9371,2.37E+06,1.59E+07,5.830,2.318,0.268,,,,
10/8/19,4,3,43. 48. 65 N,69. 34. 10 W,10,,,4.97,4.33,0.61,,8495,1.06E+06,1.09E+07,5.787,,,,,,
10/8/19,4,3,43. 48. 65 N,69. 34. 10 W,40,,,12.43,10.42,1.11,,2893,6.71E+05,4.38E+06,0.578,,,,,,
10/8/19,4,4,43. 45. 19 N,69. 30. 05 W,2,,,2.57,1.64,0.55,,13277,1.12E+06,8.80E+06,8.718,5.852,2.318,,,,
10/8/19,4,4,43. 45. 19 N,69. 30. 05 W,10,,,3.77,4.09,0.71,,5402,8.07E+05,7.49E+06,4.039,,,,,,
10/8/19,4,4,43. 45. 19 N,69. 30. 05 W,40,,,8.09,8.59,0.80,,2499,9.45E+05,5.71E+06,0.618,,,,,,
10/22/19,5,1,43.54.20 N,69.34.66 W,2,,,4.75,3.62,0.77,,19955,1.57E+06,1.22E+07,3.637,2.106,0.446,,,,
10/22/19,5,1,43.54.20 N,69.34.66 W,10,,,3.94,2.90,0.58,,18134,1.44E+06,1.10E+07,3.686,,,,,,
10/22/19,5,1,43.54.20 N,69.34.66 W,30,,,4.62,3.67,0.65,,18380,1.46E+06,1.16E+07,3.702,,,,,,
10/22/19,5,2,43.51.80 N,69.34.52 W,2,,,4.77,6.04,0.74,,14149,1.22E+06,8.57E+06,3.778,2.861,0.664,,,,
10/22/19,5,2,43.51.80 N,69.34.52 W,10,,,4.97,8.75,0.76,,11204,1.13E+06,8.55E+06,4.023,,,,,,
10/22/19,5,2,43.51.80 N,69.34.52 W,15,,,4.97,4.86,0.46,,11666,1.18E+06,7.53E+06,3.800,,,,,,
10/22/19,5,3,43. 48. 65 N,69. 34. 10 W,2,,,0.77,0.62,0.35,,14459,1.21E+06,7.42E+06,15.303,6.373,0.635,,,,
10/22/19,5,3,43. 48. 65 N,69. 34. 10 W,10,,,0.44,0.51,0.21,,12369,1.10E+06,6.83E+06,14.153,,,,,,
10/22/19,5,3,43. 48. 65 N,69. 34. 10 W,40,,,5.48,5.75,0.69,,5203,7.18E+05,4.43E+06,1.281,,,,,,
10/22/19,5,4,43. 45. 19 N,69. 30. 05 W,2,,,0.56,0.55,0.20,,12474,1.03E+06,6.80E+06,3.458,1.333,0.142,,,,
10/22/19,5,4,43. 45. 19 N,69. 30. 05 W,10,,,1.65,2.37,0.40,,13340,9.49E+05,6.63E+06,8.839,,,,,,
10/22/19,5,4,43. 45. 19 N,69. 30. 05 W,40,,,5.16,7.30,0.63,,10054,9.77E+05,1.07E+07,0.315,,,,,,
11/5/19,6,1,43.54.20 N,69.34.66 W,2,,,3.69,2.87,0.59,,12752,8.10E+05,1.13E+07,2.033,1.471,0.391,,,,
11/5/19,6,1,43.54.20 N,69.34.66 W,10,,,5.89,4.05,0.72,,11897,9.17E+05,1.17E+07,1.864,,,,,,
11/5/19,6,1,43.54.20 N,69.34.66 W,30,,,6.58,4.08,0.80,,10395,8.08E+05,9.70E+06,1.324,,,,,,
11/5/19,6,2,43.51.80 N,69.34.52 W,2,,,5.28,4.30,0.68,,10169,6.86E+05,9.01E+06,1.382,0.997,0.296,,,,
11/5/19,6,2,43.51.80 N,69.34.52 W,10,,,6.61,5.84,0.87,,9466,7.34E+05,8.16E+06,1.188,,,,,,
11/5/19,6,2,43.51.80 N,69.34.52 W,13,,,6.90,6.11,0.87,,11225,7.42E+05,8.67E+06,1.239,,,,,,
8/27/20,1,1,43.54.20 N,69.34.66 W,2,,,,,,,80014,2.36E+06,,,,,,36505,,
8/27/20,1,1,43.54.20 N,69.34.66 W,5,,,,,,,71271,2.57E+06,,,,,,32400,,
8/27/20,1,1,43.54.20 N,69.34.66 W,10,,,,,,,70210,2.30E+06,,,,,,32865,,
8/27/20,1,1,43.54.20 N,69.34.66 W,15,,,,,,,62423,2.07E+06,,,,,,29418,,
8/27/20,1,1,43.54.20 N,69.34.66 W,30,,,,,,,64890,2.23E+06,,,,,,31791,,
8/27/20,1,2,43.51.80 N,69.34.52 W,2,,,,,,,54859,2.05E+06,,,,,,31619,,
8/27/20,1,2,43.51.80 N,69.34.52 W,5,,,,,,,53382,1.71E+06,,,,,,30905,,
8/27/20,1,2,43.51.80 N,69.34.52 W,10,,,,,,,66735,1.68E+06,,,,,,44534,,
8/27/20,1,2,43.51.80 N,69.34.52 W,15,,,,,,,63385,1.57E+06,,,,,,44373,,
8/27/20,1,3,43. 48. 65 N,69. 34. 10 W,2,,,,,,,79954,1.85E+06,,,,,,51450,,
8/27/20,1,3,43. 48. 65 N,69. 34. 10 W,5,,,,,,,67774,1.93E+06,,,,,,42371,,
8/27/20,1,3,43. 48. 65 N,69. 34. 10 W,10,,,,,,,77221,1.55E+06,,,,,,52924,,
8/27/20,1,3,43. 48. 65 N,69. 34. 10 W,15,,,,,,,86622,1.55E+06,,,,,,67372,,
8/27/20,1,3,43. 48. 65 N,69. 34. 10 W,40,,,,,,,,,,,,,,,,
8/27/20,1,4,43. 45. 19 N,69. 30. 05 W,2,,,,,,,133819,2.65E+06,,,,,,101346,,
8/27/20,1,4,43. 45. 19 N,69. 30. 05 W,5,,,,,,,134057,3.02E+06,,,,,,99883,,
8/27/20,1,4,43. 45. 19 N,69. 30. 05 W,10,,,,,,,106470,2.28E+06,,,,,,75502,,
8/27/20,1,4,43. 45. 19 N,69. 30. 05 W,15,,,,,,,31749,1.14E+06,,,,,,23769,,
8/27/20,1,4,43. 45. 19 N,69. 30. 05 W,40,,,,,,,4487,5.41E+05,,,,,,3360,,
9/1/20,2,1,43.54.20 N,69.34.66 W,2,,,,,,,54607,1.83E+06,,2.554,2.515,0.745,,25256,,
9/1/20,2,1,43.54.20 N,69.34.66 W,5,,,,,,,58454,1.52E+06,,2.515,,,,26709,,
9/1/20,2,1,43.54.20 N,69.34.66 W,10,,,,,,,53403,1.69E+06,,2.495,,,,24574,,
9/1/20,2,1,43.54.20 N,69.34.66 W,15,,,,,,,51559,1.65E+06,,2.257,,,,23727,,
9/1/20,2,1,43.54.20 N,69.34.66 W,30,,,,,,,50264,1.56E+06,,2.006,,,,23919,,
9/1/20,2,2,43.51.80 N,69.34.52 W,2,,,,,,,51121,1.55E+06,,2.198,2.013,0.638,,25372,,
9/1/20,2,2,43.51.80 N,69.34.52 W,5,,,,,,,50330,1.46E+06,,2.013,,,,24864,,
9/1/20,2,2,43.51.80 N,69.34.52 W,10,,,,,,,53428,1.50E+06,,2.033,,,,26369,,
9/1/20,2,2,43.51.80 N,69.34.52 W,15,,,,,,,51321,1.19E+06,,1.631,,,,24525,,
9/1/20,2,3,43. 48. 65 N,69. 34. 10 W,2,,,,,,,117352,3.63E+06,,3.650,2.515,0.490,,89604,,
9/1/20,2,3,43. 48. 65 N,69. 34. 10 W,5,,,,,,,117768,9.98E+05,,4.052,,,,90342,,
9/1/20,2,3,43. 48. 65 N,69. 34. 10 W,10,,,,,,,42830,7.69E+05,,1.430,,,,32673,,
9/1/20,2,3,43. 48. 65 N,69. 34. 10 W,15,,,,,,,28571,5.63E+05,,0.645,,,,22110,,
9/1/20,2,3,43. 48. 65 N,69. 34. 10 W,40,,,,,,,5796,3.89E+05,,0.304,,,,4470,,
9/1/20,2,4,43. 45. 19 N,69. 30. 05 W,2,,,,,,,135786,2.28E+06,,2.251,1.848,0.457,,107146,,
9/1/20,2,4,43. 45. 19 N,69. 30. 05 W,5,,,,,,,145138,1.69E+06,,2.449,,,,112140,,
9/1/20,2,4,43. 45. 19 N,69. 30. 05 W,10,,,,,,,150182,1.44E+06,,4.237,,,,107751,,
9/1/20,2,4,43. 45. 19 N,69. 30. 05 W,15,,,,,,,89079,3.43E+05,,1.014,,,,68163,,
9/1/20,2,4,43. 45. 19 N,69. 30. 05 W,40,,,,,,,2076,3.69E+05,,0.100,,,,1621,,
9/17/20,3,1,43.54.20 N,69.34.66 W,2,,,6.56,3.86,0.77,,48948,1.50E+06,,4.864,2.554,0.390,,20566,,
9/17/20,3,1,43.54.20 N,69.34.66 W,5,,,,,,,45619,1.49E+06,,3.630,,,,20724,,
9/17/20,3,1,43.54.20 N,69.34.66 W,10,,,6.60,3.18,0.80,,46172,1.65E+06,,3.432,,,,20188,,
9/17/20,3,1,43.54.20 N,69.34.66 W,15,,,,,,,50155,1.38E+06,,3.373,,,,22806,,
9/17/20,3,1,43.54.20 N,69.34.66 W,30,,,6.61,2.99,0.77,,50400,1.42E+06,,3.412,,,,21014,,
9/17/20,3,2,43.51.80 N,69.34.52 W,2,,,6.63,3.04,0.77,,45773,1.38E+06,,3.478,2.515,0.419,,18722,,
9/17/20,3,2,43.51.80 N,69.34.52 W,5,,,,,,,49490,1.23E+06,,3.399,,,,20636,,
9/17/20,3,2,43.51.80 N,69.34.52 W,10,,,7.88,4.59,0.84,,38679,1.19E+06,,2.620,,,,13878,,
9/17/20,3,2,43.51.80 N,69.34.52 W,15,,,8.27,5.89,0.85,,40915,9.16E+05,,2.231,,,,13143,,
9/17/20,3,3,43. 48. 65 N,69. 34. 10 W,2,,,4.29,1.63,0.54,,46410,9.88E+05,,4.884,3.188,0.273,,12338,,
9/17/20,3,3,43. 48. 65 N,69. 34. 10 W,5,,,,,,,42119,1.12E+06,,5.333,,,,10941,,
9/17/20,3,3,43. 48. 65 N,69. 34. 10 W,10,,,8.09,6.44,0.87,,14763,6.77E+05,,1.329,,,,4421,,
9/17/20,3,3,43. 48. 65 N,69. 34. 10 W,15,,,,,,,9608,4.76E+05,,0.738,,,,3014,,
9/17/20,3,3,43. 48. 65 N,69. 34. 10 W,40,,,13.24,10.91,1.17,,2608,4.43E+05,,0.250,,,,924,,
9/17/20,3,5,,,2,,,6.63,1.00,0.77,,64225,2.53E+06,,5.148,2.356,0.617,,42571,,
9/17/20,3,5,,,5,,,,,,,61957,2.33E+06,,7.418,,,,41395,,
9/17/20,3,5,,,10,,,6.70,1.10,0.78,,62048,2.73E+06,,4.891,,,,40744,,
9/17/20,3,5,,,15,,,,,,,64432,2.24E+06,,4.963,,,,42672,,
9/17/20,3,5,,,20,,,6.71,1.16,0.77,,66934,2.28E+06,,4.917,,,,44870,,
9/24/20,4,1,43.54.20 N,69.34.66 W,2,,,,,,,36110,2.06E+06,,6.574,4.366,0.280,,19411,,
9/24/20,4,1,43.54.20 N,69.34.66 W,5,,,,,,,38143,1.73E+06,,7.669,,,,20437,,
9/24/20,4,1,43.54.20 N,69.34.66 W,10,,,,,,,38689,1.68E+06,,7.082,,,,20591,,
9/24/20,4,1,43.54.20 N,69.34.66 W,15,,,,,,,38448,1.50E+06,,7.293,,,,20237,,
9/24/20,4,1,43.54.20 N,69.34.66 W,30,,,,,,,37664,1.68E+06,,7.300,,,,20041,,
9/24/20,4,2,43.51.80 N,69.34.52 W,2,,,,,,,39638,1.21E+06,,4.699,3.069,0.380,,14907,,
9/24/20,4,2,43.51.80 N,69.34.52 W,5,,,,,,,41276,1.23E+06,,4.508,,,,15505,,
9/24/20,4,2,43.51.80 N,69.34.52 W,10,,,,,,,41577,1.27E+06,,4.501,,,,15519,,
9/24/20,4,2,43.51.80 N,69.34.52 W,15,,,,,,,39771,1.18E+06,,4.547,,,,14620,,
9/24/20,4,3,43. 48. 65 N,69. 34. 10 W,2,,,,,,,47331,1.43E+06,,5.036,3.062,0.451,,15740,,
9/24/20,4,3,43. 48. 65 N,69. 34. 10 W,5,,,,,,,58632,1.56E+06,,7.669,,,,19278,,
9/24/20,4,3,43. 48. 65 N,69. 34. 10 W,10,,,,,,,60211,1.49E+06,,6.065,,,,18876,,
9/24/20,4,3,43. 48. 65 N,69. 34. 10 W,15,,,,,,,66017,1.40E+06,,4.765,,,,21186,,
9/24/20,4,3,43. 48. 65 N,69. 34. 10 W,40,,,,,,,,,,1.729,,,,,,
9/24/20,4,4,43. 45. 19 N,69. 30. 05 W,2,,,,,,,75331,1.14E+06,,3.689,2.911,0.473,,17658,,
9/24/20,4,4,43. 45. 19 N,69. 30. 05 W,5,,,,,,,74984,1.08E+06,,5.326,,,,17815,,
9/24/20,4,4,43. 45. 19 N,69. 30. 05 W,10,,,,,,,72580,1.03E+06,,4.211,,,,17437,,
9/24/20,4,4,43. 45. 19 N,69. 30. 05 W,15,,,,,,,80976,1.03E+06,,4.290,,,,23142,,
9/24/20,4,4,43. 45. 19 N,69. 30. 05 W,40,,,,,,,11267,3.54E+05,,0.604,,,,2727,,
10/13/20,5,1,43.54.20 N,69.34.66 W,2,,,7.80,4.95,0.70,,15820,6.85E+05,,4.521,2.079,0.488,,12817,,
10/13/20,5,1,43.54.20 N,69.34.66 W,5,,,,,,,16415,6.14E+05,,4.356,,,,13220,,
10/13/20,5,1,43.54.20 N,69.34.66 W,10,,,8.43,6.40,0.94,,14872,6.58E+05,,4.072,,,,11981,,
10/13/20,5,1,43.54.20 N,69.34.66 W,15,,,,,,,16195,5.28E+05,,3.346,,,,12828,,
10/13/20,5,1,43.54.20 N,69.34.66 W,30,,,9.34,6.84,0.99,,13675,5.50E+05,,2.990,,,,10602,,
10/13/20,5,2,43.51.80 N,69.34.52 W,2,,,10.55,8.53,1.03,,11228,5.24E+05,,2.119,1.239,0.275,,8050,,
10/13/20,5,2,43.51.80 N,69.34.52 W,5,,,,,,,11575,5.28E+05,,1.967,,,,8456,,
10/13/20,5,2,43.51.80 N,69.34.52 W,10,,,10.99,8.81,1.04,,11337,5.01E+05,,1.848,,,,7854,,
10/13/20,5,2,43.51.80 N,69.34.52 W,15,,,11.21,9.09,1.06,,10133,3.99E+05,,1.749,,,,6983,,
10/13/20,5,3,43. 48. 65 N,69. 34. 10 W,2,,,5.65,5.55,0.29,,13307,4.30E+05,,3.194,1.320,0.370,,9202,,
10/13/20,5,3,43. 48. 65 N,69. 34. 10 W,5,,,,,,,13045,4.15E+05,,4.686,,,,8929,,
10/13/20,5,3,43. 48. 65 N,69. 34. 10 W,10,,,7.01,7.56,0.77,,13759,4.30E+05,,2.012,,,,9510,,
10/13/20,5,3,43. 48. 65 N,69. 34. 10 W,15,,,,,,,11736,3.99E+05,,2.336,,,,7865,,
10/13/20,5,3,43. 48. 65 N,69. 34. 10 W,30,,,11.09,9.65,1.03,,9996,3.79E+05,,1.802,,,,6038,,
10/13/20,5,5,,,2,,,6.58,3.63,0.91,,24528,8.53E+05,,3.142,1.835,0.527,,20374,,
10/13/20,5,5,,,5,,,,,,,25102,7.86E+05,,3.498,,,,20909,,
10/13/20,5,5,,,10,,,6.50,4.82,0.90,,24654,8.51E+05,,3.670,,,,20234,,
10/13/20,5,5,,,15,,,,,,,23853,7.11E+05,,3.623,,,,19691,,
10/13/20,5,5,,,20,,,6.50,9.05,0.93,,23800,6.97E+05,,3.445,,,,19730,,
10/28/20,6,1,43.54.20 N,69.34.66 W,2,,,6.16,3.86,0.79,,20689,1.22E+06,,,,,,15929,,
10/28/20,6,1,43.54.20 N,69.34.66 W,5,,,,,,,19016,1.19E+06,,,,,,14263,,
10/28/20,6,1,43.54.20 N,69.34.66 W,10,,,5.98,3.83,0.80,,18246,1.14E+06,,,,,,13839,,
10/28/20,6,1,43.54.20 N,69.34.66 W,15,,,,,,,17028,1.12E+06,,,,,,12450,,
10/28/20,6,1,43.54.20 N,69.34.66 W,35,,,5.72,3.72,0.78,,17206,1.07E+06,,,,,,13013,,
10/28/20,6,2,43.51.80 N,69.34.52 W,2,,,5.38,3.87,0.79,,12754,1.00E+06,,,,,,9454,,
10/28/20,6,2,43.51.80 N,69.34.52 W,5,,,,,,,10962,8.36E+05,,,,,,7879,,
10/28/20,6,2,43.51.80 N,69.34.52 W,10,,,5.35,4.13,0.79,,11172,8.15E+05,,,,,,8148,,
10/28/20,6,2,43.51.80 N,69.34.52 W,15,,,5.32,4.04,0.78,,13377,1.30E+06,,,,,,10066,,
10/28/20,6,3,43. 48. 65 N,69. 34. 10 W,2,,,3.48,4.01,0.72,,6181,5.87E+05,,,,,,3896,,
10/28/20,6,3,43. 48. 65 N,69. 34. 10 W,5,,,,,,,5835,5.30E+05,,,,,,3871,,
10/28/20,6,3,43. 48. 65 N,69. 34. 10 W,10,,,3.47,3.67,0.68,,5880,4.75E+05,,,,,,3833,,
10/28/20,6,3,43. 48. 65 N,69. 34. 10 W,15,,,,,,,6412,7.29E+05,,,,,,4526,,
10/28/20,6,3,43. 48. 65 N,69. 34. 10 W,40,,,6.42,5.57,0.89,,3896,5.21E+05,,,,,,2408,,
10/28/20,6,4,43. 45. 19 N,69. 30. 05 W,2,,,1.96,1.37,0.29,,29880,4.84E+05,,,,,,11186,,
10/28/20,6,4,43. 45. 19 N,69. 30. 05 W,5,,,,,,,29386,5.13E+05,,,,,,11683,,
10/28/20,6,4,43. 45. 19 N,69. 30. 05 W,10,,,2.52,3.76,0.50,,18302,4.94E+05,,,,,,8103,,
10/28/20,6,4,43. 45. 19 N,69. 30. 05 W,15,,,,,,,24423,1.05E+06,,,,,,19600,,
10/28/20,6,4,43. 45. 19 N,69. 30. 05 W,40,,,7.01,7.74,0.88,,17574,7.61E+05,,,,,,8992,,
10/28/20,6,5,,,2,,,7.56,3.74,0.88,,3042,3.99E+05,,,,,,1764,,
10/28/20,6,5,,,5,,,,,,,23639,8.72E+05,,,,,,18893,,
10/28/20,6,5,,,10,,,7.64,3.73,0.89,,23345,1.07E+06,,,,,,18382,,
10/28/20,6,5,,,15,,,,,,,30506,1.58E+06,,,,,,25725,,
10/28/20,6,5,,,20,,,6.02,3.01,0.72,,25186,1.09E+06,,,,,,20521,,
6/3/21,REU,1,43.54.20 N,69.34.66 W,2,,,4.64,2.67,0.39,,,,,,,,,,,
6/3/21,REU,1,43.54.20 N,69.34.66 W,10,,,4.43,0.54,0.40,,,,,,,,,,,
6/3/21,REU,1,43.54.20 N,69.34.66 W,,,,3.92,1.18,0.43,,,,,,,,,,,
6/3/21,REU,2,43.51.80 N,69.34.52 W,2,,,3.41,1.03,0.43,,,,,,,,,,,
6/3/21,REU,2,43.51.80 N,69.34.52 W,10,,,3.08,1.02,0.39,,,,,,,,,,,
6/3/21,REU,2,43.51.80 N,69.34.52 W,,,,3.30,0.67,0.42,,,,,,,,,,,
6/3/21,REU,3,43. 48. 65 N,69. 34. 10 W,2,,,2.19,0.43,0.32,,,,,,,,,,,
6/3/21,REU,3,43. 48. 65 N,69. 34. 10 W,10,,,2.35,0.54,0.33,,,,,,,,,,,
6/3/21,REU,3,43. 48. 65 N,69. 34. 10 W,,,,1.91,0.84,0.33,,,,,,,,,,,
6/3/21,REU,4,43. 45. 19 N,69. 30. 05 W,2,,,1.33,0.25,0.14,,,,,,,,,,,
6/3/21,REU,4,43. 45. 19 N,69. 30. 05 W,10,,,1.56,0.60,0.18,,,,,,,,,,,
6/3/21,REU,4,43. 45. 19 N,69. 30. 05 W,,,,2.97,3.90,0.45,,,,,,,,,,,
9/9/21,1,1,43.54.20 N,69.34.66 W,2,,,4.85,1.33,0.66,,18333,1.71E+06,1.20E+07,4.752,3.736,0.457,,1607,,
9/9/21,1,1,43.54.20 N,69.34.66 W,10,,,4.87,1.71,0.65,,19138,1.78E+06,1.38E+07,4.475,,,,1593,,
9/9/21,1,1,43.54.20 N,69.34.66 W,30,,,4.94,1.93,0.67,,16590,1.70E+06,1.16E+07,3.564,,,,1439,,
9/9/21,1,2,43.51.80 N,69.34.52 W,2,,,4.84,3.34,0.70,,12768,1.35E+06,1.09E+07,2.812,2.303,0.335,,1446,,
9/9/21,1,2,43.51.80 N,69.34.52 W,10,,,5.07,3.32,0.70,,11851,1.30E+06,1.17E+07,2.323,,,,1481,,
9/9/21,1,2,43.51.80 N,69.34.52 W,20,,,6.16,3.49,0.83,,10024,1.31E+06,1.16E+07,2.026,,,,1208,,
9/14/21,2,1,43.54.20 N,69.34.66 W,2,,,6.66,3.13,0.75,,17682,1.59E+06,9.57E+06,4.184,3.769,0.556,,1817,,
9/14/21,2,1,43.54.20 N,69.34.66 W,10,,,6.59,2.78,0.76,,14312,1.31E+06,1.13E+07,2.983,,,,1617,,
9/14/21,2,1,43.54.20 N,69.34.66 W,30,,,7.31,2.91,0.77,,12751,1.39E+06,8.28E+06,2.297,,,,1603,,
9/14/21,2,2,43.51.80 N,69.34.52 W,2,,,6.70,3.55,0.78,,13377,1.24E+06,8.39E+06,2.759,2.158,0.469,,1561,,
9/14/21,2,2,43.51.80 N,69.34.52 W,10,,,6.82,4.40,0.80,,15246,1.21E+06,9.44E+06,2.752,,,,1771,,
9/14/21,2,2,43.51.80 N,69.34.52 W,20,,,6.96,4.76,0.81,,11701,1.17E+06,6.57E+06,1.967,,,,1708,,
9/14/21,2,3,43. 48. 65 N,69. 34. 10 W,2,,,3.27,1.01,0.50,,26705,1.08E+06,1.10E+07,2.779,2.317,0.561,,5296,,
9/14/21,2,3,43. 48. 65 N,69. 34. 10 W,10,,,4.49,2.31,0.62,,15848,1.07E+06,1.01E+07,4.204,,,,2856,,
9/14/21,2,3,43. 48. 65 N,69. 34. 10 W,40,,,9.14,9.39,1.04,,1110,5.69E+05,6.04E+06,0.304,,,,427,,
9/14/21,2,4,43. 45. 19 N,69. 30. 05 W,2,,,0.14,0.74,0.21,,33072,1.65E+06,1.19E+07,2.627,1.623,0.391,,8666,,
9/14/21,2,4,43. 45. 19 N,69. 30. 05 W,10,,,0.35,1.85,0.30,,39711,1.55E+06,1.20E+07,3.485,,,,13720,,
9/14/21,2,4,43. 45. 19 N,69. 30. 05 W,40,,,5.18,6.99,0.85,,504,,,0.176,,,,186,,
9/28/21,3,1,43.54.20 N,69.34.66 W,2,,,7.64,2.20,0.82,,15145,1.24E+06,1.49E+07,2.495,2.072,0.499,,1817,,
9/28/21,3,1,43.54.20 N,69.34.66 W,10,,,6.90,2.40,0.78,,11253,1.17E+06,9.67E+06,1.914,,,,1617,,
9/28/21,3,1,43.54.20 N,69.34.66 W,35,,,6.36,1.91,0.74,,9986,1.03E+06,1.35E+07,1.584,,,,1603,,
9/28/21,3,2,43.51.80 N,69.34.52 W,2,,,6.32,3.13,0.78,,8953,1.12E+06,1.27E+07,2.053,1.723,0.345,,1561,,
9/28/21,3,2,43.51.80 N,69.34.52 W,10,,,6.82,2.57,0.77,,9275,1.12E+06,1.14E+07,1.709,,,,1771,,
9/28/21,3,2,43.51.80 N,69.34.52 W,15,,,6.34,2.17,0.76,,8824,1.02E+06,1.51E+07,1.650,,,,1708,,
9/28/21,3,3,43. 48. 65 N,69. 34. 10 W,2,,,2.62,1.10,0.46,,9338,1.23E+06,1.73E+07,9.920,7.913,0.616,,5296,,
9/28/21,3,3,43. 48. 65 N,69. 34. 10 W,10,,,2.26,0.80,0.42,,4596,1.02E+06,1.18E+07,3.604,,,,2856,,
9/28/21,3,3,43. 48. 65 N,69. 34. 10 W,40,,,11.39,11.71,1.21,,704,,,0.337,,,,427,,
9/28/21,3,4,43. 45. 19 N,69. 30. 05 W,2,,,0.34,0.07,0.17,,9293,1.11E+06,1.65E+07,6.950,4.768,1.228,,8666,,
9/28/21,3,4,43. 45. 19 N,69. 30. 05 W,10,,,0.38,0.16,0.21,,9184,1.06E+06,1.35E+07,9.715,,,,13720,,
9/28/21,3,4,43. 45. 19 N,69. 30. 05 W,40,,,8.21,9.61,0.99,,627,7.40E+05,4.27E+06,2.297,,,,186,,
10/12/21,4,1,43.54.20 N,69.34.66 W,2,,,7.02,3.45,0.70,,14375,1.35E+06,1.46E+07,4.897,4.409,0.420,,893,,
10/12/21,4,1,43.54.20 N,69.34.66 W,10,,,6.78,2.83,0.71,,11792,1.37E+06,1.13E+07,4.323,,,,826,,
10/12/21,4,1,43.54.20 N,69.34.66 W,30,,,7.02,3.45,0.70,,10227,1.53E+06,1.06E+07,3.808,,,,833,,
10/12/21,4,2,43.51.80 N,69.34.52 W,2,,,5.49,2.35,0.68,,7814,1.45E+06,1.21E+07,6.864,4.970,0.199,,655,,
10/12/21,4,2,43.51.80 N,69.34.52 W,10,,,5.98,4.02,0.66,,8117,1.47E+06,1.13E+07,4.679,,,,844,,
10/12/21,4,2,43.51.80 N,69.34.52 W,20,,,6.58,4.18,0.70,,6895,1.60E+06,1.00E+07,3.373,,,,746,,
10/12/21,4,3,43. 48. 65 N,69. 34. 10 W,2,,,1.98,0.89,0.27,,3840,1.34E+06,1.49E+07,23.958,,0.298,,613,,
10/12/21,4,3,43. 48. 65 N,69. 34. 10 W,10,,,4.19,1.68,0.51,,3815,1.31E+06,7.61E+06,4.000,,,,497,,
10/12/21,4,3,43. 48. 65 N,69. 34. 10 W,40,,,8.69,7.08,0.94,,2002,9.93E+05,3.97E+06,2.363,,,,683,,
10/12/21,4,4,43. 45. 19 N,69. 30. 05 W,2,,,0.51,1.11,0.11,,24238,1.03E+06,8.81E+06,7.676,5.669,0.128,,18372,,
10/12/21,4,4,43. 45. 19 N,69. 30. 05 W,10,,,5.97,4.33,0.66,,2667,1.11E+06,3.69E+06,2.693,,,,753,,
10/12/21,4,4,43. 45. 19 N,69. 30. 05 W,40,,,0.88,3.61,0.39,,1971,1.43E+06,7.05E+06,3.425,,,,322,,
10/26/21,5,1,43.54.20 N,69.34.66 W,2,,,9.45,6.09,1.00,,11015,1.28E+06,6.75E+06,2.112,1.775,0.691,,1281,,
10/26/21,5,1,43.54.20 N,69.34.66 W,10,,,11.00,6.84,0.91,,9174,1.01E+06,8.34E+06,1.775,,,,1397,,
10/26/21,5,1,43.54.20 N,69.34.66 W,35,,,9.16,8.13,1.03,,7494,9.62E+05,1.00E+07,1.452,,,,1719,,
10/26/21,5,2,43.51.80 N,69.34.52 W,2,,,7.10,5.03,0.82,,12544,9.79E+05,6.38E+06,1.703,1.462,0.317,,1078,,
10/26/21,5,2,43.51.80 N,69.34.52 W,10,,,7.29,5.47,0.86,,12093,9.43E+05,8.54E+06,2.119,,,,1201,,
10/26/21,5,2,43.51.80 N,69.34.52 W,19,,,8.01,6.44,1.00,,10350,1.03E+06,8.22E+06,1.894,,,,1232,,
11/8/21,6,1,43.54.20 N,69.34.66 W,2,,,,,,,14686,5.35E+05,4.91E+06,1.670,1.270,0.381,,1897,,
11/8/21,6,1,43.54.20 N,69.34.66 W,10,,,,,,,17308,4.66E+05,4.87E+06,1.571,,,,2149,,
11/8/21,6,1,43.54.20 N,69.34.66 W,30,,,,,,,18760,7.01E+05,6.36E+06,1.551,,,,2251,,
11/8/21,6,2,43.51.80 N,69.34.52 W,2,,,,,,,15379,4.31E+05,4.49E+06,1.630,1.069,0.397,,2363,,
11/8/21,6,2,43.51.80 N,69.34.52 W,10,,,,,,,15208,8.63E+05,7.12E+06,1.353,,,,2625,,
11/8/21,6,2,43.51.80 N,69.34.52 W,20,,,,,,,15246,3.76E+05,2.76E+06,1.436,,,,2709,,
11/8/21,6,3,43. 48. 65 N,69. 34. 10 W,2,,,,,,,27290,4.55E+05,2.63E+06,2.891,2.053,0.698,,4158,,
11/8/21,6,3,43. 48. 65 N,69. 34. 10 W,10,,,,,,,21938,7.23E+05,5.23E+06,2.383,,,,3329,,
11/8/21,6,3,43. 48. 65 N,69. 34. 10 W,40,,,,,,,12117,4.63E+05,3.38E+06,0.958,,,,3213,,
11/8/21,6,4,43. 45. 19 N,69. 30. 05 W,2,,,,,,,41878,9.56E+05,4.16E+06,4.191,2.462,0.745,,13265,,
11/8/21,6,4,43. 45. 19 N,69. 30. 05 W,10,,,,,,,38871,7.03E+05,6.61E+06,3.049,,,,15848,,
11/8/21,6,4,43. 45. 19 N,69. 30. 05 W,40,,,,,,,6556,7.02E+05,3.48E+06,0.498,,,,4533,,
6/7/22,REU,1,43.54.20 N,69.34.66 W,2,,,,,,,38241,,,,,,,1040,,
6/7/22,REU,1,43.54.20 N,69.34.66 W,10,,,,,,,45619,,,,,,,1120,,
6/7/22,REU,1,43.54.20 N,69.34.66 W,,,,,,,,42396,,,,,,,1222,,
6/7/22,REU,2,43.51.80 N,69.34.52 W,2,,,,,,,38647,,,,,,,938,,
6/7/22,REU,2,43.51.80 N,69.34.52 W,10,,,,,,,33709,,,,,,,1029,,
6/7/22,REU,2,43.51.80 N,69.34.52 W,,,,,,,,32043,,,,,,,1047,,
6/7/22,REU,3,43. 48. 65 N,69. 34. 10 W,2,,,,,,,28032,,,,,,,2870,,
6/7/22,REU,3,43. 48. 65 N,69. 34. 10 W,10,,,,,,,23776,,,,,,,1449,,
6/7/22,REU,3,43. 48. 65 N,69. 34. 10 W,40,,,,,,,1236,,,,,,,193,,
6/7/22,REU,4,43. 45. 19 N,69. 30. 05 W,2,,,,,,,7266,,,,,,,1092,,
6/7/22,REU,4,43. 45. 19 N,69. 30. 05 W,10,,,,,,,11477,,,,,,,2160,,
6/7/22,REU,4,43. 45. 19 N,69. 30. 05 W,40,,,,,,,945,,,,,,,172,,
6/16/22,REU,1,43.54.20 N,69.34.66 W,2,,,,,,,27318,,,,,,,4456,,
6/16/22,REU,1,43.54.20 N,69.34.66 W,10,,,,,,,28368,,,,,,,4242,,
6/16/22,REU,1,43.54.20 N,69.34.66 W,,,,,,,,31238,,,,,,,4470,,
6/16/22,REU,2,43.51.80 N,69.34.52 W,2,,,,,,,26425,,,,,,,6293,,
6/16/22,REU,2,43.51.80 N,69.34.52 W,10,,,,,,,28875,,,,,,,6195,,
6/16/22,REU,2,43.51.80 N,69.34.52 W,,,,,,,,21312,,,,,,,4295,,
6/16/22,REU,3,43. 48. 65 N,69. 34. 10 W,2,,,,,,,31556,,,,,,,8806,,
6/16/22,REU,3,43. 48. 65 N,69. 34. 10 W,10,,,,,,,27409,,,,,,,6706,,
6/16/22,REU,3,43. 48. 65 N,69. 34. 10 W,40,,,,,,,5656,,,,,,,1575,,
6/16/22,REU,4,43. 45. 19 N,69. 30. 05 W,2,,,,,,,,,,,,,,,,
6/16/22,REU,4,43. 45. 19 N,69. 30. 05 W,10,,,,,,,20458,,,,,,,5264,,
6/16/22,REU,4,43. 45. 19 N,69. 30. 05 W,40,,,,,,,1043,,,,,,,231,,
7/7/22,REU,1,43.54.20 N,69.34.66 W,2,,,,,,,54702,,,,,,,13286,,
7/7/22,REU,1,43.54.20 N,69.34.66 W,10,,,,,,,53736,,,,,,,15232,,
7/7/22,REU,1,43.54.20 N,69.34.66 W,,,,,,,,49970,,,,,,,16328,,
7/7/22,REU,2,43.51.80 N,69.34.52 W,2,,,,,,,43089,,,,,,,19138,,
7/7/22,REU,2,43.51.80 N,69.34.52 W,10,,,,,,,48020,,,,,,,19173,,
7/7/22,REU,2,43.51.80 N,69.34.52 W,,,,,,,,49011,,,,,,,17584,,
7/7/22,REU,3,43. 48. 65 N,69. 34. 10 W,2,,,,,,,,,,,,,,,,
7/7/22,REU,3,43. 48. 65 N,69. 34. 10 W,10,,,,,,,,,,,,,,,,
7/7/22,REU,3,43. 48. 65 N,69. 34. 10 W,40,,,,,,,,,,,,,,,,
7/7/22,REU,4,43. 45. 19 N,69. 30. 05 W,2,,,,,,,,,,,,,,,,
7/7/22,REU,4,43. 45. 19 N,69. 30. 05 W,10,,,,,,,,,,,,,,,,
7/7/22,REU,4,43. 45. 19 N,69. 30. 05 W,40,,,,,,,,,,,,,,,,
8/9/22,REU,1,43.54.20 N,69.34.66 W,2,,,,,,,90934,,,,,,,15404,,
8/9/22,REU,1,43.54.20 N,69.34.66 W,10,,,,,,,97139,,,,,,,14620,,
8/9/22,REU,1,43.54.20 N,69.34.66 W,,,,,,,,97657,,,,,,,14137,,
8/9/22,REU,2,43.51.80 N,69.34.52 W,2,,,,,,,89744,,,,,,,14039,,
8/9/22,REU,2,43.51.80 N,69.34.52 W,10,,,,,,,90685,,,,,,,15243,,
8/9/22,REU,2,43.51.80 N,69.34.52 W,,,,,,,,77112,,,,,,,12856,,
8/9/22,REU,3,43. 48. 65 N,69. 34. 10 W,2,,,,,,,149258,,,,,,,98809,,
8/9/22,REU,3,43. 48. 65 N,69. 34. 10 W,10,,,,,,,115294,,,,,,,53732,,
8/9/22,REU,3,43. 48. 65 N,69. 34. 10 W,40,,,,,,,12733,,,,,,,2195,,
9/8/22,1,1,43.54.20 N,69.34.66 W,2,,,,,,,,3.72E+06,1.35E+07,1.401,1.213,0.391,5.38E+03,,,
9/8/22,1,1,43.54.20 N,69.34.66 W,10,,,,,,,37251,3.58E+06,1.37E+07,1.394,,,,15855,,
9/8/22,1,1,43.54.20 N,69.34.66 W,30,,,,,,,37482,3.23E+06,1.36E+07,1.320,,,,16881,,
9/8/22,1,2,43.51.80 N,69.34.52 W,2,,,,,,,34955,3.42E+06,1.39E+07,2.363,1.459,0.418,1.11E+04,16184,,
9/8/22,1,2,43.51.80 N,69.34.52 W,10,,,,,,,35126,3.28E+06,1.35E+07,1.522,,,,17623,,
9/8/22,1,2,43.51.80 N,69.34.52 W,30,,,,,,,34146,2.57E+06,1.59E+07,1.197,,,,20237,,
9/8/22,1,3,43. 48. 65 N,69. 34. 10 W,2,,,,,,,97909,4.37E+06,1.74E+07,1.885,1.392,0.316,3.87E+04,66287,,
9/8/22,1,3,43. 48. 65 N,69. 34. 10 W,10,,,,,,,53904,5.86E+06,2.29E+07,3.252,,,,38185,,
9/8/22,1,3,43. 48. 65 N,69. 34. 10 W,40,,,,,,,8526,1.85E+06,8.26E+06,0.471,,,,5138,,
9/8/22,1,4,43. 45. 19 N,69. 30. 05 W,2,,,,,,,64068,3.10E+06,1.86E+07,1.858,1.646,0.327,3.27E+04,44646,,
9/8/22,1,4,43. 45. 19 N,69. 30. 05 W,10,,,,,,,26376,3.56E+06,1.46E+07,3.582,,,,17644,,
9/8/22,1,4,43. 45. 19 N,69. 30. 05 W,40,,,,,,,7021,8.41E+05,3.80E+06,1.340,,,,4774,,
9/13/22,Dartmouth,1,43.54.20 N,69.34.66 W,2,,,,,,,48941,2.57E+06,7.41E+06,2.175,,,,15404,,
9/13/22,Dartmouth,1,43.54.20 N,69.34.66 W,10,,,,,,,46162,2.55E+06,9.06E+06,1.959,,,,14620,,
9/13/22,Dartmouth,1,43.54.20 N,69.34.66 W,30,,,,,,,39585,2.32E+06,7.09E+06,1.805,,,,14137,,
9/13/22,Dartmouth,2,43.51.80 N,69.34.52 W,2,,,,,,,34409,1.98E+06,4.95E+06,1.865,,,,14039,,
9/13/22,Dartmouth,2,43.51.80 N,69.34.52 W,10,,,,,,,29131,1.76E+06,5.25E+06,1.461,,,,15243,,
9/13/22,Dartmouth,2,43.51.80 N,69.34.52 W,20,,,,,,,22397,2.65E+06,8.10E+06,1.219,,,,12856,,
9/13/22,Dartmouth,4,43. 45. 19 N,69. 30. 05 W,2,,,,,,,124229,1.10E+06,3.17E+06,2.942,,,,98809,,
9/13/22,Dartmouth,4,43. 45. 19 N,69. 30. 05 W,10,,,,,,,82072,3.41E+06,8.89E+06,4.074,,,,53732,,
9/13/22,Dartmouth,4,43. 45. 19 N,69. 30. 05 W,40,,,,,,,3413,2.88E+06,1.03E+07,0.470,,,,2195,,
9/29/22,3,1,43.54.20 N,69.34.66 W,2,,,,,,,37373,2.32E+06,1.10E+07,1.838,1.308,0.298,5.33E+04,10759,,
9/29/22,3,1,43.54.20 N,69.34.66 W,10,,,,,,,34104,2.28E+06,1.17E+07,1.558,,,,10308,,
9/29/22,3,1,43.54.20 N,69.34.66 W,30,,,,,,,30181,2.02E+06,9.98E+06,1.852,,,,9524,,
9/29/22,3,2,43.51.80 N,69.34.52 W,2,,,,,,,24021,1.84E+06,1.15E+07,2.283,1.145,0.211,4.91E+04,7578,,
9/29/22,3,2,43.51.80 N,69.34.52 W,10,,,,,,,23531,1.70E+06,9.04E+06,2.336,,,,7308,,
9/29/22,3,2,43.51.80 N,69.34.52 W,20,,,,,,,18319,1.59E+06,1.02E+07,2.532,,,,6363,,
9/29/22,3,3,43. 48. 65 N,69. 34. 10 W,2,,,,,,,21693,1.33E+06,1.28E+07,14.733,2.747,0.299,2.10E+05,8785,,
9/29/22,3,3,43. 48. 65 N,69. 34. 10 W,10,,,,,,,12058,1.34E+06,1.10E+07,6.774,,,,5261,,
9/29/22,3,3,43. 48. 65 N,69. 34. 10 W,40,,,,,,,2128,9.16E+05,5.72E+06,0.345,,,,1264,,
9/29/22,3,4,43. 45. 19 N,69. 30. 05 W,2,,,,,,,56004,1.94E+06,1.50E+07,4.976,2.767,0.448,9.29E+04,33257,,
9/29/22,3,4,43. 45. 19 N,69. 30. 05 W,10,,,,,,,18228,1.24E+06,1.01E+07,3.946,,,,11673,,
9/29/22,3,4,43. 45. 19 N,69. 30. 05 W,40,,,,,,,1236,9.63E+05,4.94E+06,0.228,,,,704,,
10/13/22,4,1,43.54.20 N,69.34.66 W,2,,,,,,,11099,1.25E+06,1.09E+07,1.825,0.467,0.115,2.95E+04,1890,,
10/13/22,4,1,43.54.20 N,69.34.66 W,10,,,,,,,11680,1.24E+06,1.14E+07,2.020,,,,2139,,
10/13/22,4,1,43.54.20 N,69.34.66 W,25,,,,,,,11512,1.26E+06,1.14E+07,1.744,,,,2146,,
10/13/22,4,2,43.51.80 N,69.34.52 W,2,,,,,,,10038,1.21E+06,9.75E+06,1.372,0.605,0.172,6.77E+04,1953,,
10/13/22,4,2,43.51.80 N,69.34.52 W,10,,,,,,,9065,1.33E+06,9.27E+06,1.237,,,,1852,,
10/13/22,4,2,43.51.80 N,69.34.52 W,18,,,,,,,8873,1.23E+06,9.65E+06,1.239,,,,1918,,
10/13/22,4,3,43. 48. 65 N,69. 34. 10 W,2,,,,,,,6377,6.96E+05,1.02E+07,4.861,1.230,0.304,1.51E+05,1187,,
10/13/22,4,3,43. 48. 65 N,69. 34. 10 W,10,,,,,,,7434,8.00E+05,1.05E+07,4.720,,,,1414,,
10/13/22,4,3,43. 48. 65 N,69. 34. 10 W,40,,,,,,,2940,9.65E+05,7.68E+06,0.791,,,,1274,,
10/27/22,5,1,43.54.20 N,69.34.66 W,2,,,,,,,14844,1.76E+06,1.40E+07,1.737,1.438,0.481,7.06E+03,2065,,
10/27/22,5,1,43.54.20 N,69.34.66 W,10,,,,,,,14679,1.70E+06,1.55E+07,1.683,,,,1957,,
10/27/22,5,1,43.54.20 N,69.34.66 W,40,,,,,,,15533,1.65E+06,1.16E+07,1.747,,,,1806,,
10/27/22,5,2,43.51.80 N,69.34.52 W,2,,,,,,,14529,1.80E+06,1.17E+07,2.451,2.000,0.490,9.86E+03,2464,,
10/27/22,5,2,43.51.80 N,69.34.52 W,10,,,,,,,14186,1.68E+06,1.05E+07,1.427,,,,2149,,
10/27/22,5,2,43.51.80 N,69.34.52 W,20,,,,,,,13941,1.60E+06,1.00E+07,1.313,,,,2058,,
10/27/22,5,3,43. 48. 65 N,69. 34. 10 W,2,,,,,,,10392,1.59E+06,1.11E+07,5.542,4.653,0.669,3.30E+04,2226,,
10/27/22,5,3,43. 48. 65 N,69. 34. 10 W,10,,,,,,,18417,1.63E+06,8.96E+06,2.040,,,,3549,,
10/27/22,5,3,43. 48. 65 N,69. 34. 10 W,40,,,,,,,6591,1.17E+06,1.04E+07,0.549,,,,1561,,
10/27/22,5,4,43. 45. 19 N,69. 30. 05 W,2,,,,,,,27563,1.79E+06,1.18E+07,6.444,4.262,0.943,6.52E+04,6367,,
10/27/22,5,4,43. 45. 19 N,69. 30. 05 W,10,,,,,,,27269,1.50E+06,9.93E+06,4.121,,,,6584,,
10/27/22,5,4,43. 45. 19 N,69. 30. 05 W,40,,,,,,,3189,1.03E+06,7.62E+06,0.481,,,,1740,,
11/15/22,6,1,43.54.20 N,69.34.66 W,2,,,,,,,17948,1.79E+06,1.18E+07,2.660,2.101,0.730,1.49E+03,2317,,
11/15/22,6,1,43.54.20 N,69.34.66 W,10,,,,,,,15372,1.51E+06,9.92E+06,2.491,,,,1953,,
11/15/22,6,1,43.54.20 N,69.34.66 W,40,,,,,,,14511,1.42E+06,8.87E+06,1.162,,,,2034,,
11/15/22,6,2,43.51.80 N,69.34.52 W,2,,,,,,,13090,1.40E+06,1.01E+07,1.535,1.178,0.682,7.29E+03,1817,,
11/15/22,6,2,43.51.80 N,69.34.52 W,10,,,,,,,12719,1.51E+06,8.44E+06,1.677,,,,1803,,
11/15/22,6,2,43.51.80 N,69.34.52 W,20,,,,,,,11844,1.46E+06,8.25E+06,1.286,,,,1922,,
11/15/22,6,3,43. 48. 65 N,69. 34. 10 W,19,,,,,,,13622,1.20E+06,7.66E+06,2.134,1.259,0.915,1.14E+04,2468,,
11/15/22,6,3,43. 48. 65 N,69. 34. 10 W,10,,,,,,,14585,1.21E+06,5.90E+06,2.592,,,,2573,,
11/15/22,6,3,43. 48. 65 N,69. 34. 10 W,40,,,,,,,4260,1.13E+06,5.83E+06,0.645,,,,1117,,
11/15/22,6,4,43. 45. 19 N,69. 30. 05 W,2,,,,,,,21700,1.21E+06,8.63E+06,6.504,3.838,0.881,2.19E+04,10024,,
11/15/22,6,4,43. 45. 19 N,69. 30. 05 W,10,,,,,,,21522,1.22E+06,8.13E+06,5.656,,,,9692,,
11/15/22,6,4,43. 45. 19 N,69. 30. 05 W,40,,,,,,,1925,1.04E+06,6.13E+06,1.213,,,,627,,
5/23/23,REU,1,43.54.20 N,69.34.66 W,2,,,,,,,24374,,,,,,,515,23860,
5/23/23,REU,1,43.54.20 N,69.34.66 W,10,,,,,,,22694,,,,,,,518,22176,
5/23/23,REU,1,43.54.20 N,69.34.66 W,,,,,,,,21049,,,,,,,546,20503,
5/23/23,REU,2,43.51.80 N,69.34.52 W,2,,,,,,,21529,,,,,,,501,21028,
5/23/23,REU,2,43.51.80 N,69.34.52 W,10,,,,,,,20986,,,,,,,553,20433,
5/23/23,REU,2,43.51.80 N,69.34.52 W,,,,,,,,14921,,,,,,,543,14378,
5/23/23,REU,3,43. 48. 65 N,69. 34. 10 W,2,,,,,,,15533,,,,,,,938,14595,
5/23/23,REU,3,43. 48. 65 N,69. 34. 10 W,10,,,,,,,17315,,,,,,,910,16405,
5/23/23,REU,3,43. 48. 65 N,69. 34. 10 W,,,,,,,,1953,,,,,,,182,1771,
5/23/23,REU,4,43. 45. 19 N,69. 30. 05 W,2,,,,,,,14865,,,,,,,1523,13342,
5/23/23,REU,4,43. 45. 19 N,69. 30. 05 W,10,,,,,,,15866,,,,,,,1449,14417,
5/23/23,REU,4,43. 45. 19 N,69. 30. 05 W,,,,,,,,1138,,,,,,,144,994,
6/15/23,REU,1,43.54.20 N,69.34.66 W,2,,,,,,,60151,,,,,,,3766,56385,
6/15/23,REU,1,43.54.20 N,69.34.66 W,10,,,,,,,59787,,,,,,,3675,56112,
6/15/23,REU,1,43.54.20 N,69.34.66 W,,,,,,,,,,,,,,,,,
6/15/23,REU,2,43.51.80 N,69.34.52 W,2,,,,,,,43313,,,,,,,3399,39914,
6/15/23,REU,2,43.51.80 N,69.34.52 W,10,,,,,,,40047,,,,,,,3220,36827,
6/15/23,REU,2,43.51.80 N,69.34.52 W,,,,,,,,39008,,,,,,,2765,36243,
6/15/23,REU,3,43. 48. 65 N,69. 34. 10 W,2,,,,,,,20181,,,,,,,3493,16688,
6/15/23,REU,3,43. 48. 65 N,69. 34. 10 W,10,,,,,,,20566,,,,,,,2534,18032,
6/15/23,REU,3,43. 48. 65 N,69. 34. 10 W,,,,,,,,2076,,,,,,,203,1873,
6/15/23,REU,4,43. 45. 19 N,69. 30. 05 W,2,,,,,,,15894,,,,,,,1190,14704,
6/15/23,REU,4,43. 45. 19 N,69. 30. 05 W,10,,,,,,,15897,,,,,,,1533,14364,
6/15/23,REU,4,43. 45. 19 N,69. 30. 05 W,,,,,,,,1033,,,,,,,158,875,
7/13/23,REU,1,43.54.20 N,69.34.66 W,2,,,,,,,95039,,,,,,,52717,42322,
7/13/23,REU,1,43.54.20 N,69.34.66 W,10,,,,,,,90556,,,,,,,52262,38294,
7/13/23,REU,1,43.54.20 N,69.34.66 W,,,,,,,,95015,,,,,,,53543,41472,
7/13/23,REU,2,43.51.80 N,69.34.52 W,2,,,,,,,93391,,,,,,,55664,37727,
7/13/23,REU,2,43.51.80 N,69.34.52 W,10,,,,,,,90510,,,,,,,55801,34710,
7/13/23,REU,2,43.51.80 N,69.34.52 W,,,,,,,,74309,,,,,,,49756,24553,
7/13/23,REU,3,43. 48. 65 N,69. 34. 10 W,2,,,,,,,318969,,,,,,,260792,58177,
7/13/23,REU,3,43. 48. 65 N,69. 34. 10 W,10,,,,,,,84480,,,,,,,43232,41248,
7/13/23,REU,3,43. 48. 65 N,69. 34. 10 W,,,,,,,,4834,,,,,,,2209,2625,
7/13/23,REU,4,43. 45. 19 N,69. 30. 05 W,2,,,,,,,58821,,,,,,,18750,40072,
7/13/23,REU,4,43. 45. 19 N,69. 30. 05 W,10,,,,,,,27990,,,,,,,8428,19562,
7/13/23,REU,4,43. 45. 19 N,69. 30. 05 W,,,,,,,,2282,,,,,,,914,1369,
9/7/23,1,1,43.54.20 N,69.34.66 W,2,,,,,,,45525,3.36E+06,1.31E+07,3.649,2.579,0.655,,8740,36785,
9/7/23,1,1,43.54.20 N,69.34.66 W,10,,,,,,,43131,3.23E+06,1.37E+07,3.158,,,,8680,34451,
9/7/23,1,1,43.54.20 N,69.34.66 W,25,,,,,,,54404,2.95E+06,1.25E+07,2.188,,,,11862,42543,
9/7/23,1,2,43.51.80 N,69.34.52 W,2,,,,,,,36288,2.79E+06,1.50E+07,2.424,1.899,0.657,,8414,27874,
9/7/23,1,2,43.51.80 N,69.34.52 W,10,,,,,,,39592,2.70E+06,1.39E+07,2.202,,,,9030,30562,
9/7/23,1,2,43.51.80 N,69.34.52 W,20,,,,,,,30919,2.13E+06,1.25E+07,1.481,,,,10133,20787,
9/7/23,1,3,43. 48. 65 N,69. 34. 10 W,2,,,,,,,75873,2.31E+06,2.11E+07,1.378,1.135,0.309,,35826,40047,
9/7/23,1,3,43. 48. 65 N,69. 34. 10 W,10,,,,,,,33765,2.20E+06,1.63E+07,2.687,,,,16653,17112,
9/7/23,1,3,43. 48. 65 N,69. 34. 10 W,40,,,,,,,3248,1.04E+06,9.53E+06,0.277,,,,1631,1617,
9/7/23,1,4,43. 45. 19 N,69. 30. 05 W,2,,,,,,,66945,3.45E+06,1.88E+07,1.825,1.677,0.532,,35018,31927,
9/7/23,1,4,43. 45. 19 N,69. 30. 05 W,10,,,,,,,68670,3.25E+06,1.42E+07,2.411,,,,35718,32953,
9/7/23,1,4,43. 45. 19 N,69. 30. 05 W,40,,,,,,,2765,9.99E+05,6.78E+06,0.258,,,,1645,1120,
9/12/23,2,1,43.54.20 N,69.34.66 W,2,,,,,,,39148,3.39E+06,1.70E+07,3.555,1.926,0.576,,8974,30174,
9/12/23,2,1,43.54.20 N,69.34.66 W,10,,,,,,,38759,3.38E+06,1.76E+07,2.619,,,,10553,28207,
9/12/23,2,1,43.54.20 N,69.34.66 W,33,,,,,,,40012,3.28E+06,1.67E+07,2.054,,,,10994,29019,
9/12/23,2,2,43.51.80 N,69.34.52 W,2,,,,,,,48055,2.81E+06,1.35E+07,3.454,2.552,0.634,,19541,28515,
9/12/23,2,2,43.51.80 N,69.34.52 W,10,,,,,,,31483,1.54E+06,1.04E+07,1.380,,,,12642,18841,
9/12/23,2,2,43.51.80 N,69.34.52 W,20,,,,,,,25491,1.71E+06,1.52E+07,1.046,,,,10406,15085,
9/12/23,2,3,43. 48. 65 N,69. 34. 10 W,2,,,,,,,91683,3.08E+06,1.38E+07,2.336,2.020,0.724,,55958,35725,
9/12/23,2,3,43. 48. 65 N,69. 34. 10 W,10,,,,,,,64610,2.76E+06,1.08E+07,2.458,,,,43082,21529,
9/12/23,2,3,43. 48. 65 N,69. 34. 10 W,30,,,,,,,2184,9.03E+05,5.13E+06,0.220,,,,1232,952,
9/12/23,2,4,43. 45. 19 N,69. 30. 05 W,2,,,,,,,82310,1.89E+06,8.67E+06,0.978,0.930,0.452,,54541,27769,
9/12/23,2,4,43. 45. 19 N,69. 30. 05 W,10,,,,,,,86737,2.04E+06,8.57E+06,1.293,,,,59465,27272,
9/12/23,2,4,43. 45. 19 N,69. 30. 05 W,40,,,,,,,4109,9.92E+05,4.11E+06,0.442,,,,2254,1855,
9/26/23,3,1,43.54.20 N,69.34.66 W,2,,,,,,,50516,4.50E+06,1.73E+07,4.444,2.619,0.485,,19548,30968,
9/26/23,3,1,43.54.20 N,69.34.66 W,10,,,,,,,51807,4.01E+06,1.58E+07,4.033,,,,21238,30569,
9/26/23,3,1,43.54.20 N,69.34.66 W,30,,,,,,,52507,3.91E+06,1.15E+07,3.710,,,,22673,29834,
9/26/23,3,2,43.51.80 N,69.34.52 W,2,,,,,,,56375,3.73E+06,1.24E+07,4.575,2.666,0.485,,28784,27591,
9/26/23,3,2,43.51.80 N,69.34.52 W,10,,,,,,,60932,3.52E+06,1.37E+07,4.101,,,,33719,27213,
9/26/23,3,2,43.51.80 N,69.34.52 W,20,,,,,,,72090,4.24E+06,1.29E+07,4.033,,,,45542,26548,
9/26/23,3,3,43. 48. 65 N,69. 34. 10 W,2,,,,,,,105025,3.24E+06,1.07E+07,3.589,3.111,0.411,,77490,27535,
9/26/23,3,3,43. 48. 65 N,69. 34. 10 W,10,,,,,,,107811,4.33E+06,1.16E+07,3.346,,,,75817,31994,
9/26/23,3,3,43. 48. 65 N,69. 34. 10 W,40,,,,,,,5513,1.00E+06,5.31E+06,0.243,,,,3465,2048,
10/10/23,4,1,43.54.20 N,69.34.66 W,2,,,,,,,45994,2.58E+06,1.95E+07,2.020,1.359,0.409,,20678,25316,
10/10/23,4,1,43.54.20 N,69.34.66 W,10,,,,,,,44499,3.01E+06,1.78E+07,1.663,,,,20318,24182,
10/10/23,4,1,43.54.20 N,69.34.66 W,35,,,,,,,42669,2.68E+06,2.20E+07,1.475,,,,20433,22236,
10/10/23,4,2,43.51.80 N,69.34.52 W,2,,,,,,,38133,2.45E+06,1.37E+07,2.108,1.273,0.337,,20426,17707,
10/10/23,4,2,43.51.80 N,69.34.52 W,10,,,,,,,36008,3.04E+06,1.34E+07,1.562,,,,21935,14074,
10/10/23,4,2,43.51.80 N,69.34.52 W,20,,,,,,,34206,2.20E+06,1.08E+07,1.333,,,,21683,12523,
10/10/23,4,3,43. 48. 65 N,69. 34. 10 W,2,,,,,,,60963,3.67E+06,1.50E+07,3.528,1.422,0.309,,40061,20902,
10/10/23,4,3,43. 48. 65 N,69. 34. 10 W,10,,,,,,,44576,2.60E+06,1.03E+07,3.037,,,,28161,16415,
10/10/23,4,3,43. 48. 65 N,69. 34. 10 W,40,,,,,,,9275,1.15E+06,7.70E+06,0.760,,,,5831,3444,
10/10/23,4,4,43. 45. 19 N,69. 30. 05 W,2,,,,,,,73910,3.52E+06,9.58E+06,6.599,3.548,0.431,,45581,28329,
10/10/23,4,4,43. 45. 19 N,69. 30. 05 W,10,,,,,,,57652,2.77E+06,1.04E+07,4.390,,,,39137,18515,
10/10/23,4,4,43. 45. 19 N,69. 30. 05 W,40,,,,,,,11939,1.04E+06,3.67E+06,0.750,,,,7847,4092,
10/23/23,5,1,43.54.20 N,69.34.66 W,2,,,,,,,44174,1.82E+06,1.18E+07,1.845,1.535,0.342,,17175,26999,
10/23/23,5,1,43.54.20 N,69.34.66 W,10,,,,,,,43043,1.86E+06,1.20E+07,1.261,,,,17227,25816,
10/23/23,5,1,43.54.20 N,69.34.66 W,30,,,,,,,43036,2.00E+06,8.58E+06,0.860,,,,17441,25596,
10/23/23,5,2,43.51.80 N,69.34.52 W,2,,,,,,,35907,1.48E+06,9.52E+06,1.326,0.912,0.222,,16926,18981,
10/23/23,5,2,43.51.80 N,69.34.52 W,10,,,,,,,34587,1.49E+06,1.04E+07,1.376,,,,17035,17553,
10/23/23,5,2,43.51.80 N,69.34.52 W,20,,,,,,,28385,1.43E+06,1.01E+07,1.345,,,,15400,12985,
10/23/23,5,3,43. 48. 65 N,69. 34. 10 W,2,,,,,,,86527,1.26E+06,9.67E+06,7.339,2.572,0.343,,53767,32760,
10/23/23,5,3,43. 48. 65 N,69. 34. 10 W,10,,,,,,,25407,1.38E+06,9.54E+06,4.767,,,,15383,10024,
10/23/23,5,3,43. 48. 65 N,69. 34. 10 W,40,,,,,,,8400,1.09E+06,1.10E+07,0.424,,,,5856,2545,
10/23/23,5,4,43. 45. 19 N,69. 30. 05 W,2,,,,,,,70144,1.32E+06,4.72E+06,6.976,2.565,0.308,,47880,22264,
10/23/23,5,4,43. 45. 19 N,69. 30. 05 W,10,,,,,,,71299,1.15E+06,8.12E+06,4.484,,,,47688,23611,
10/23/23,5,4,43. 45. 19 N,69. 30. 05 W,40,,,,,,,7410,7.96E+05,3.94E+06,0.310,,,,4820,2590,
11/14/23,6,1,43.54.20 N,69.34.66 W,2,,,,,,,19530,1.26E+06,9.63E+06,1.062,0.778,0.376,,6139,13391,
11/14/23,6,1,43.54.20 N,69.34.66 W,10,,,,,,,17693,1.18E+06,9.00E+06,0.918,,,,5611,12082,
11/14/23,6,1,43.54.20 N,69.34.66 W,35,,,,,,,14459,1.28E+06,7.19E+06,0.876,,,,4928,9531,
11/14/23,6,2,43.51.80 N,69.34.52 W,2,,,,,,,14791,1.06E+06,9.08E+06,0.931,0.642,0.234,,4743,10049,
11/14/23,6,2,43.51.80 N,69.34.52 W,10,,,,,,,11547,1.07E+06,8.96E+06,0.914,,,,4225,7322,
11/14/23,6,2,43.51.80 N,69.34.52 W,15,,,,,,,9097,1.12E+06,9.18E+06,0.888,,,,3651,5446,
11/14/23,6,3,43. 48. 65 N,69. 34. 10 W,2,,,,,,,8022,9.90E+05,4.80E+06,2.121,1.339,0.362,,3595,4428,
11/14/23,6,3,43. 48. 65 N,69. 34. 10 W,10,,,,,,,7046,9.57E+05,6.86E+06,2.289,,,,3080,3966,
11/14/23,6,3,43. 48. 65 N,69. 34. 10 W,40,,,,,,,7763,1.03E+06,7.87E+06,1.337,,,,3406,4358,
11/14/23,6,4,43. 45. 19 N,69. 30. 05 W,2,,,,,,,9062,1.01E+06,6.43E+06,1.210,0.562,0.386,,3430,5632,
11/14/23,6,4,43. 45. 19 N,69. 30. 05 W,10,,,,,,,8649,1.02E+06,6.51E+06,1.089,,,,3532,5117,
11/14/23,6,4,43. 45. 19 N,69. 30. 05 W,40,,,,,,,3801,8.48E+05,4.58E+06,0.237,,,,2517,1285,
6/13/24,REU,1,43.54.20 N,69.34.66 W,2,,,,,,,14483,,,,,,,2888,11596,
6/13/24,REU,1,43.54.20 N,69.34.66 W,10,,,,,,,14151,,,,,,,2653,11498,
6/13/24,REU,1,43.54.20 N,69.34.66 W,?,,,,,,,13997,,,,,,,2618,11379,
6/13/24,REU,2,43.51.80 N,69.34.52 W,2,,,,,,,12726,,,,,,,2755,9972,
6/13/24,REU,2,43.51.80 N,69.34.52 W,10,,,,,,,12520,,,,,,,2800,9720,
6/13/24,REU,2,43.51.80 N,69.34.52 W,?,,,,,,,12971,,,,,,,2968,10003,
6/13/24,REU,3,43. 48. 65 N,69. 34. 10 W,2,,,,,,,17875,,,,,,,7798,10077,
6/13/24,REU,3,43. 48. 65 N,69. 34. 10 W,10,,,,,,,15876,,,,,,,6780,9097,
6/13/24,REU,3,43. 48. 65 N,69. 34. 10 W,40,,,,,,,15960,,,,,,,5779,10182,
6/13/24,REU,4,43. 45. 19 N,69. 30. 05 W,2,,,,,,,15064,,,,,,,8687,6377,
6/13/24,REU,4,43. 45. 19 N,69. 30. 05 W,10,,,,,,,14613,,,,,,,8362,6251,
6/13/24,REU,4,43. 45. 19 N,69. 30. 05 W,40,,,,,,,5289,,,,,,,3735,1554,
9/5/24,1,1,43.54.20 N,69.34.66 W,2,,,,,,,69944,,,,,,,19929,50015,
9/5/24,1,1,43.54.20 N,69.34.66 W,10,,,,,,,58566,,,,,,,17336,41230,
9/5/24,1,1,43.54.20 N,69.34.66 W,?,,,,,,,49515,,,,,,,14861,34654,
9/5/24,1,2,43.51.80 N,69.34.52 W,2,,,,,,,52497,,,,,,,24448,28049,
9/5/24,1,2,43.51.80 N,69.34.52 W,10,,,,,,,47901,,,,,,,28389,19513,
9/5/24,1,2,43.51.80 N,69.34.52 W,?,,,,,,,19873,,,,,,,10325,9548,
9/5/24,1,3,43. 48. 65 N,69. 34. 10 W,2,,,,,,,129868,,,,,,,100604,29264,
9/5/24,1,3,43. 48. 65 N,69. 34. 10 W,10,,,,,,,,,,,,,,,,
9/5/24,1,3,43. 48. 65 N,69. 34. 10 W,40,,,,,,,,,,,,,,,,
9/5/24,1,4,43. 45. 19 N,69. 30. 05 W,2,,,,,,,166593,,,,,,,145943,20650,
9/5/24,1,4,43. 45. 19 N,69. 30. 05 W,10,,,,,,,21574,,,,,,,15775,5800,
9/5/24,1,4,43. 45. 19 N,69. 30. 05 W,40,,,,,,,,,,,,,,,,
9/10/24,2,1,43.54.20 N,69.34.66 W,2,,,,,,,59728,,,,,,,19233,40495,
9/10/24,2,1,43.54.20 N,69.34.66 W,10,,,,,,,57281,,,,,,,18890,38392,
9/10/24,2,1,43.54.20 N,69.34.66 W,?,,,,,,,48164,,,,,,,16188,31976,
9/10/24,2,2,43.51.80 N,69.34.52 W,2,,,,,,,38808,,,,,,,17101,21707,
9/10/24,2,2,43.51.80 N,69.34.52 W,10,,,,,,,38742,,,,,,,16576,22166,
9/10/24,2,2,43.51.80 N,69.34.52 W,?,,,,,,,8946,,,,,,,5450,3497,
9/10/24,2,3,43. 48. 65 N,69. 34. 10 W,2,,,,,,,45339,,,,,,,26901,18438,
9/10/24,2,3,43. 48. 65 N,69. 34. 10 W,10,,,,,,,8260,,,,,,,5695,2566,
9/10/24,2,3,43. 48. 65 N,69. 34. 10 W,40,,,,,,,2079,,,,,,,1439,641,
9/10/24,2,4,43. 45. 19 N,69. 30. 05 W,2,,,,,,,75002,,,,,,,53872,21130,
9/10/24,2,4,43. 45. 19 N,69. 30. 05 W,10,,,,,,,76433,,,,,,,63809,12625,
9/10/24,2,4,43. 45. 19 N,69. 30. 05 W,40,,,,,,,5271,,,,,,,3745,1526,
9/22/24,2,1,43.54.20 N,69.34.66 W,2,,,,,,,49469,3.23E+06,2.11E+07,1.872,1.589,0.497,1.36E+04,15001,,
9/22/24,2,1,43.54.20 N,69.34.66 W,10,,,,,,,46897,3.13E+06,1.74E+07,1.576,,,,14865,,
9/22/24,2,1,43.54.20 N,69.34.66 W,30,,,,,,,41500,2.61E+06,1.39E+07,1.199,,,,15127,,
9/22/24,2,2,43.51.80 N,69.34.52 W,2,,,,,,,36750,2.45E+06,1.74E+07,1.461,1.196,0.392,1.09E+04,13948,,
9/22/24,2,2,43.51.80 N,69.34.52 W,10,,,,,,,36456,2.46E+06,1.50E+07,1.522,,,,14872,,
9/22/24,2,2,43.51.80 N,69.34.52 W,17,,,,,,,42357,2.53E+06,1.54E+07,1.784,,,,21637,,
9/22/24,2,3,43. 48. 65 N,69. 34. 10 W,2,,,,,,,29817,2.18E+06,1.60E+07,1.582,1.207,0.322,1.68E+04,15498,,
9/22/24,2,3,43. 48. 65 N,69. 34. 10 W,10,,,,,,,29313,2.13E+06,1.66E+07,1.730,,,,15369,,
9/22/24,2,3,43. 48. 65 N,69. 34. 10 W,40,,,,,,,3899,1.26E+06,8.33E+06,0.406,,,,2590,,
9/24/24,3,1,43.54.20 N,69.34.66 W,2,,,,,,,32830,,,,,,,12828,20003,
9/24/24,3,1,43.54.20 N,69.34.66 W,10,,,,,,,32396,,,,,,,14735,17661,
9/24/24,3,1,43.54.20 N,69.34.66 W,?,,,,,,,33075,,,,,,,15813,17262,
9/24/24,3,2,43.51.80 N,69.34.52 W,2,,,,,,,27944,,,,,,,15288,12656,
9/24/24,3,2,43.51.80 N,69.34.52 W,10,,,,,,,28172,,,,,,,15047,13125,
9/24/24,3,2,43.51.80 N,69.34.52 W,?,,,,,,,34944,,,,,,,22936,12009,
9/24/24,3,3,43. 48. 65 N,69. 34. 10 W,2,,,,,,,38920,,,,,,,27304,11617,
9/24/24,3,3,43. 48. 65 N,69. 34. 10 W,10,,,,,,,42221,,,,,,,31091,11130,
9/24/24,3,3,43. 48. 65 N,69. 34. 10 W,40,,,,,,,17661,,,,,,,13370,4291,
10/8/24,4,1,43.54.20 N,69.34.66 W,2,,,,,,,18890,,,,,,,7231,11659,
10/8/24,4,1,43.54.20 N,69.34.66 W,10,,,,,,,19730,,,,,,,7973,11757,
10/8/24,4,1,43.54.20 N,69.34.66 W,?,,,,,,,17203,,,,,,,8022,9181,
10/8/24,4,2,43.51.80 N,69.34.52 W,2,,,,,,,18424,,,,,,,10689,7735,
10/8/24,4,2,43.51.80 N,69.34.52 W,10,,,,,,,19401,,,,,,,12632,6769,
10/8/24,4,2,43.51.80 N,69.34.52 W,?,,,,,,,20783,,,,,,,13304,7480,
10/8/24,4,3,43. 48. 65 N,69. 34. 10 W,2,,,,,,,36250,,,,,,,27598,8652,
10/8/24,4,3,43. 48. 65 N,69. 34. 10 W,10,,,,,,,26299,,,,,,,19838,6461,
10/8/24,4,3,43. 48. 65 N,69. 34. 10 W,40,,,,,,,3245,,,,,,,2307,938,
10/8/24,4,4,43. 45. 19 N,69. 30. 05 W,2,,,,,,,20874,,,,,,,13027,7847,
10/8/24,4,4,43. 45. 19 N,69. 30. 05 W,10,,,,,,,22866,,,,,,,13395,9471,
10/8/24,4,4,43. 45. 19 N,69. 30. 05 W,40,,,,,,,4652,,,,,,,3042,1610,
10/22/24,5,1,43.54.20 N,69.34.66 W,2,,,,,,,13699,,,,,,,3640,10059,
10/22/24,5,1,43.54.20 N,69.34.66 W,10,,,,,,,13045,,,,,,,3616,9429,
10/22/24,5,1,43.54.20 N,69.34.66 W,?,,,,,,,11946,,,,,,,3773,8173,
10/22/24,5,2,43.51.80 N,69.34.52 W,2,,,,,,,11232,,,,,,,3728,7504,
10/22/24,5,2,43.51.80 N,69.34.52 W,10,,,,,,,11921,,,,,,,4246,7676,
10/22/24,5,2,43.51.80 N,69.34.52 W,?,,,,,,,11620,,,,,,,4169,7452,
10/22/24,5,3,43. 48. 65 N,69. 34. 10 W,2,,,,,,,11536,,,,,,,5919,5618,
10/22/24,5,3,43. 48. 65 N,69. 34. 10 W,10,,,,,,,11438,,,,,,,5173,6265,
10/22/24,5,3,43. 48. 65 N,69. 34. 10 W,40,,,,,,,10308,,,,,,,5180,5128,
10/22/24,5,4,43. 45. 19 N,69. 30. 05 W,2,,,,,,,33639,,,,,,,22778,10861,
10/22/24,5,4,43. 45. 19 N,69. 30. 05 W,10,,,,,,,38784,,,,,,,23450,15334,
10/22/24,5,4,43. 45. 19 N,69. 30. 05 W,40,,,,,,,7581,,,,,,,4554,3028,
11/5/24,6,1,43.54.20 N,69.34.66 W,2,,,,,,,6962,,,,,,,1999,4963,
11/5/24,6,1,43.54.20 N,69.34.66 W,10,,,,,,,5268,,,,,,,1831,3437,
11/5/24,6,1,43.54.20 N,69.34.66 W,?,,,,,,,7210,,,,,,,2132,5079,
11/5/24,6,2,43.51.80 N,69.34.52 W,2,,,,,,,6566,,,,,,,1848,4718,
11/5/24,6,2,43.51.80 N,69.34.52 W,10,,,,,,,5138,,,,,,,1750,3388,
11/5/24,6,2,43.51.80 N,69.34.52 W,?,,,,,,,5478,,,,,,,1757,3721,
11/5/24,6,3,43. 48. 65 N,69. 34. 10 W,2,,,,,,,9023,,,,,,,5453,3570,
11/5/24,6,3,43. 48. 65 N,69. 34. 10 W,10,,,,,,,9230,,,,,,,5418,3812,
11/5/24,6,3,43. 48. 65 N,69. 34. 10 W,40,,,,,,,4123,,,,,,,2118,2006,
11/5/24,6,4,43. 45. 19 N,69. 30. 05 W,2,,,,,,,7259,,,,,,,5457,1803,
11/5/24,6,4,43. 45. 19 N,69. 30. 05 W,10,,,,,,,8729,,,,,,,6199,2531,
11/5/24,6,4,43. 45. 19 N,69. 30. 05 W,40,,,,,,,3742,,,,,,,2898,844,
,,,,,,,,,,,,,,,,,,,,,
,,,,,,,,,,,,,,,,,,,,,
,,,,,,,,,,,,,,,,,,,,,
,,,,,,,,,,,,,,,,,,,,,
,,,,,,,,,,,,,,,,,,,,,
,,,,,,,,,,,,,,,,,,,,,
,,,,,,,,,,,,,,,,,,,,,
,,,,,,,,,,,,,,,,,,,,,
,,,,,,,,,,,,,,,,,,,,,
,,,,,,,,,,,,,,,,,,,,,
,,,,,,,,,,,,,,,,,,,,,
,,,,,,,,,,,,,,,,,,,,,
,,,,,,,,,,,,,,,,,,,,,
,,,,,,,,,,,,,,,,,,,,,
,,,,,,,,,,,,,,,,,,,,,
,,,,,,,,,,,,,,,,,,,,,
,,,,,,,,,,,,,,,,,,,,,
,,,,,,,,,,,,,,,,,,,,,
,,,,,,,,,,,,,,,,,,,,,
,,,,,,,,,,,,,,,,,,,,,
,,,,,,,,,,,,,,,,,,,,,
,,,,,,,,,,,,,,,,,,,,,
,,,,,,,,,,,,,,,,,,,,,
,,,,,,,,,,,,,,,,,,,,,
,,,,,,,,,,,,,,,,,,,,,
,,,,,,,,,,,,,,,,,,,,,
,,,,,,,,,,,,,,,,,,,,,
,,,,,,,,,,,,,,,,,,,,,
,,,,,,,,,,,,,,,,,,,,,
,,,,,,,,,,,,,,,,,,,,,
,,,,,,,,,,,,,,,,,,,,,
,,,,,,,,,,,,,,,,,,,,,
,,,,,,,,,,,,,,,,,,,,,
,,,,,,,,,,,,,,,,,,,,,
,,,,,,,,,,,,,,,,,,,,,
,,,,,,,,,,,,,,,,,,,,,
,,,,,,,,,,,,,,,,,,,,,
,,,,,,,,,,,,,,,,,,,,,
,,,,,,,,,,,,,,,,,,,,,
,,,,,,,,,,,,,,,,,,,,,
,,,,,,,,,,,,,,,,,,,,,
,,,,,,,,,,,,,,,,,,,,,
,,,,,,,,,,,,,,,,,,,,,
,,,,,,,,,,,,,,,,,,,,,
,,,,,,,,,,,,,,,,,,,,,
,,,,,,,,,,,,,,,,,,,,,
,,,,,,,,,,,,,,,,,,,,,
,,,,,,,,,,,,,,,,,,,,,
,,,,,,,,,,,,,,,,,,,,,
,,,,,,,,,,,,,,,,,,,,,
,,,,,,,,,,,,,,,,,,,,,
,,,,,,,,,,,,,,,,,,,,,
,,,,,,,,,,,,,,,,,,,,,
,,,,,,,,,,,,,,,,,,,,,
,,,,,,,,,,,,,,,,,,,,,
,,,,,,,,,,,,,,,,,,,,,
,,,,,,,,,,,,,,,,,,,,,
,,,,,,,,,,,,,,,,,,,,,
,,,,,,,,,,,,,,,,,,,,,
,,,,,,,,,,,,,,,,,,,,,
,,,,,,,,,,,,,,,,,,,,,
,,,,,,,,,,,,,,,,,,,,,
,,,,,,,,,,,,,,,,,,,,,
,,,,,,,,,,,,,,,,,,,,,
,,,,,,,,,,,,,,,,,,,,,
,,,,,,,,,,,,,,,,,,,,,
,,,,,,,,,,,,,,,,,,,,,
,,,,,,,,,,,,,,,,,,,,,
,,,,,,,,,,,,,,,,,,,,,
,,,,,,,,,,,,,,,,,,,,,
,,,,,,,,,,,,,,,,,,,,,
,,,,,,,,,,,,,,,,,,,,,
,,,,,,,,,,,,,,,,,,,,,
,,,,,,,,,,,,,,,,,,,,,
,,,,,,,,,,,,,,,,,,,,,
,,,,,,,,,,,,,,,,,,,,,
,,,,,,,,,,,,,,,,,,,,,
,,,,,,,,,,,,,,,,,,,,,
,,,,,,,,,,,,,,,,,,,,,
,,,,,,,,,,,,,,,,,,,,,
,,,,,,,,,,,,,,,,,,,,,
,,,,,,,,,,,,,,,,,,,,,
,,,,,,,,,,,,,,,,,,,,,
,,,,,,,,,,,,,,,,,,,,,
,,,,,,,,,,,,,,,,,,,,,
,,,,,,,,,,,,,,,,,,,,,
,,,,,,,,,,,,,,,,,,,,,
,,,,,,,,,,,,,,,,,,,,,
,,,,,,,,,,,,,,,,,,,,,
,,,,,,,,,,,,,,,,,,,,,
,,,,,,,,,,,,,,,,,,,,,
,,,,,,,,,,,,,,,,,,,,,
,,,,,,,,,,,,,,,,,,,,,
,,,,,,,,,,,,,,,,,,,,,
,,,,,,,,,,,,,,,,,,,,,
,,,,,,,,,,,,,,,,,,,,,
,,,,,,,,,,,,,,,,,,,,,
,,,,,,,,,,,,,,,,,,,,,
,,,,,,,,,,,,,,,,,,,,,
,,,,,,,,,,,,,,,,,,,,,
,,,,,,,,,,,,,,,,,,,,,
,,,,,,,,,,,,,,,,,,,,,
,,,,,,,,,,,,,,,,,,,,,
,,,,,,,,,,,,,,,,,,,,,
,,,,,,,,,,,,,,,,,,,,,
,,,,,,,,,,,,,,,,,,,,,
,,,,,,,,,,,,,,,,,,,,,
,,,,,,,,,,,,,,,,,,,,,
,,,,,,,,,,,,,,,,,,,,,
,,,,,,,,,,,,,,,,,,,,,
,,,,,,,,,,,,,,,,,,,,,
,,,,,,,,,,,,,,,,,,,,,
,,,,,,,,,,,,,,,,,,,,,
,,,,,,,,,,,,,,,,,,,,,
,,,,,,,,,,,,,,,,,,,,,
,,,,,,,,,,,,,,,,,,,,,
,,,,,,,,,,,,,,,,,,,,,
,,,,,,,,,,,,,,,,,,,,,
,,,,,,,,,,,,,,,,,,,,,
,,,,,,,,,,,,,,,,,,,,,
,,,,,,,,,,,,,,,,,,,,,